team,team_code,opponent,opponent_code,side,goals_for,goals_against,possession_pct,attempts_at_goal,shots_on_target,attempts_blocked,fouls_committed,fouls_suffered,corners,direct_free_kicks_awarded,indirect_free_kicks_awarded,penalties_awarded,penalties_scored,offsides,own_goals,yellow_cards,second_yellow_reds,direct_reds,match_number,stage,referee,asset_id,source_url,card_events,fair_play_penalty_points,cards_per_10_fouls,fouls_committed_per90,card_events_per90
Mexico,MEX,South Africa,RSA,left,2,0,61,16,4,4,12,11,3,11,1,0,0,1,0,1,0,1,1,Group stage,SAMPAIO Wilton (BRA),12452,https://fdp.fifa.org/assetspublic/ce281/r12452/pdf/FullTimeMatchReport-English.pdf,2,5,1.6666666666666667,12.0,2.0
South Africa,RSA,Mexico,MEX,right,0,2,39,3,2,0,11,12,1,12,1,0,0,1,0,2,0,2,1,Group stage,SAMPAIO Wilton (BRA),12452,https://fdp.fifa.org/assetspublic/ce281/r12452/pdf/FullTimeMatchReport-English.pdf,4,10,3.6363636363636362,11.0,4.0
Korea Republic,KOR,Czechia,CZE,left,2,1,62,15,6,4,10,15,4,14,3,0,0,2,0,1,0,0,2,Group stage,MOHAMED Amin (EGY),12450,https://fdp.fifa.org/assetspublic/ce281/r12450/pdf/FullTimeMatchReport-English.pdf,1,1,1.0,10.0,1.0
Czechia,CZE,Korea Republic,KOR,right,1,2,38,6,4,0,15,10,5,10,2,0,0,2,0,0,0,0,2,Group stage,MOHAMED Amin (EGY),12450,https://fdp.fifa.org/assetspublic/ce281/r12450/pdf/FullTimeMatchReport-English.pdf,0,0,0.0,15.0,0.0
Canada,CAN,Bosnia and Herzegovina,BIH,left,1,1,61,13,4,2,10,20,9,20,0,0,0,1,0,2,0,0,3,Group stage,TELLO Facundo (ARG),12458,https://fdp.fifa.org/assetspublic/ce281/r12458/pdf/FullTimeMatchReport-English.pdf,2,2,2.0,10.0,2.0
Bosnia and Herzegovina,BIH,Canada,CAN,right,1,1,39,8,3,0,20,10,4,10,1,0,0,0,0,3,0,0,3,Group stage,TELLO Facundo (ARG),12458,https://fdp.fifa.org/assetspublic/ce281/r12458/pdf/FullTimeMatchReport-English.pdf,3,3,1.5,20.0,3.0
USA,USA,Paraguay,PAR,left,4,1,65,16,6,3,13,17,3,16,2,0,0,2,0,1,0,0,4,Group stage,MAKKELIE Danny (NED),12467,https://fdp.fifa.org/assetspublic/ce281/r12467/pdf/FullTimeMatchReport-English.pdf,1,1,0.7692307692307693,13.0,1.0
Paraguay,PAR,USA,USA,right,1,4,35,9,1,4,17,13,1,13,2,0,0,1,1,5,0,0,4,Group stage,MAKKELIE Danny (NED),12467,https://fdp.fifa.org/assetspublic/ce281/r12467/pdf/FullTimeMatchReport-English.pdf,5,5,2.9411764705882355,17.0,5.0
Haiti,HAI,Scotland,SCO,left,0,1,52,15,2,4,23,21,4,21,2,0,0,3,0,1,0,0,5,Group stage,GHORBAL Mustapha (ALG),12462,https://fdp.fifa.org/assetspublic/ce281/r12462/pdf/FullTimeMatchReport-English.pdf,1,1,0.43478260869565216,23.0,1.0
Scotland,SCO,Haiti,HAI,right,1,0,48,9,2,2,21,23,3,23,3,0,0,1,0,3,0,0,5,Group stage,GHORBAL Mustapha (ALG),12462,https://fdp.fifa.org/assetspublic/ce281/r12462/pdf/FullTimeMatchReport-English.pdf,3,3,1.4285714285714286,21.0,3.0
Australia,AUS,Türkiye,TUR,left,2,0,29,9,4,0,12,4,5,4,3,0,0,1,0,0,0,0,6,Group stage,VALENZUELA Jesus (VEN),12472,https://fdp.fifa.org/assetspublic/ce281/r12472/pdf/FullTimeMatchReport-English.pdf,0,0,0.0,12.0,0.0
Türkiye,TUR,Australia,AUS,right,0,2,71,30,8,10,4,12,8,11,2,0,0,3,0,1,0,0,6,Group stage,VALENZUELA Jesus (VEN),12472,https://fdp.fifa.org/assetspublic/ce281/r12472/pdf/FullTimeMatchReport-English.pdf,1,1,2.5,4.0,1.0
Brazil,BRA,Morocco,MAR,left,1,1,51,13,5,3,16,14,6,14,1,0,0,0,0,2,0,0,7,Group stage,VINCIC Slavko (SVN),12465,https://fdp.fifa.org/assetspublic/ce281/r12465/pdf/FullTimeMatchReport-English.pdf,2,2,1.25,16.0,2.0
Morocco,MAR,Brazil,BRA,right,1,1,49,14,3,7,14,16,2,16,0,0,0,1,0,0,0,0,7,Group stage,VINCIC Slavko (SVN),12465,https://fdp.fifa.org/assetspublic/ce281/r12465/pdf/FullTimeMatchReport-English.pdf,0,0,0.0,14.0,0.0
Qatar,QAT,Switzerland,SUI,left,1,1,34,6,3,1,12,11,3,11,1,0,0,0,0,2,0,0,8,Group stage,MARTINEZ Said (HON),12456,https://fdp.fifa.org/assetspublic/ce281/r12456/pdf/FullTimeMatchReport-English.pdf,2,2,1.6666666666666667,12.0,2.0
Switzerland,SUI,Qatar,QAT,right,1,1,66,26,7,8,11,12,10,11,0,1,1,1,1,1,0,0,8,Group stage,MARTINEZ Said (HON),12456,https://fdp.fifa.org/assetspublic/ce281/r12456/pdf/FullTimeMatchReport-English.pdf,1,1,0.9090909090909091,11.0,1.0
Côte d'Ivoire,CIV,Ecuador,ECU,left,1,0,48,15,4,3,10,13,3,13,0,0,0,0,0,3,0,0,9,Group stage,LETEXIER Francois (FRA),12476,https://fdp.fifa.org/assetspublic/ce281/r12476/pdf/FullTimeMatchReport-English.pdf,3,3,3.0,10.0,3.0
Ecuador,ECU,Côte d'Ivoire,CIV,right,0,1,52,12,1,1,13,10,5,10,0,0,0,0,0,1,0,0,9,Group stage,LETEXIER Francois (FRA),12476,https://fdp.fifa.org/assetspublic/ce281/r12476/pdf/FullTimeMatchReport-English.pdf,1,1,0.7692307692307693,13.0,1.0
Germany,GER,Curaçao,CUW,left,7,1,64,26,11,8,18,11,8,10,1,1,1,0,0,0,0,0,10,Group stage,JAYED Jalal (MAR),12473,https://fdp.fifa.org/assetspublic/ce281/r12473/pdf/FullTimeMatchReport-English.pdf,0,0,0.0,18.0,0.0
Curaçao,CUW,Germany,GER,right,1,7,36,8,2,0,11,18,1,18,0,0,0,1,0,0,0,0,10,Group stage,JAYED Jalal (MAR),12473,https://fdp.fifa.org/assetspublic/ce281/r12473/pdf/FullTimeMatchReport-English.pdf,0,0,0.0,11.0,0.0
Netherlands,NED,Japan,JPN,left,2,2,60,10,6,0,7,7,5,6,1,0,0,1,0,3,0,0,11,Group stage,ELFATH Ismail (USA),12480,https://fdp.fifa.org/assetspublic/ce281/r12480/pdf/FullTimeMatchReport-English.pdf,3,3,4.285714285714286,7.0,3.0
Japan,JPN,Netherlands,NED,right,2,2,40,10,3,1,7,7,4,7,1,0,0,0,0,0,0,0,11,Group stage,ELFATH Ismail (USA),12480,https://fdp.fifa.org/assetspublic/ce281/r12480/pdf/FullTimeMatchReport-English.pdf,0,0,0.0,7.0,0.0
Sweden,SWE,Tunisia,TUN,left,5,1,48,13,7,2,10,8,4,8,6,0,0,3,0,0,0,0,12,Group stage,FALCON PEREZ Yael (ARG),12484,https://fdp.fifa.org/assetspublic/ce281/r12484/pdf/FullTimeMatchReport-English.pdf,0,0,0.0,10.0,0.0
Tunisia,TUN,Sweden,SWE,right,1,5,52,6,2,1,8,10,2,10,3,0,0,6,0,1,0,0,12,Group stage,FALCON PEREZ Yael (ARG),12484,https://fdp.fifa.org/assetspublic/ce281/r12484/pdf/FullTimeMatchReport-English.pdf,1,1,1.25,8.0,1.0
Saudi Arabia,KSA,Uruguay,URU,left,1,1,33,7,3,1,11,6,4,6,6,0,0,0,0,1,0,0,13,Group stage,MARIANI Maurizio (ITA),12495,https://fdp.fifa.org/assetspublic/ce281/r12495/pdf/FullTimeMatchReport-English.pdf,1,1,0.9090909090909091,11.0,1.0
Uruguay,URU,Saudi Arabia,KSA,right,1,1,67,29,11,7,6,11,14,10,1,0,0,6,0,0,0,0,13,Group stage,MARIANI Maurizio (ITA),12495,https://fdp.fifa.org/assetspublic/ce281/r12495/pdf/FullTimeMatchReport-English.pdf,0,0,0.0,6.0,0.0
Spain,ESP,Cabo Verde,CPV,left,0,0,73,27,7,6,10,1,11,1,3,0,0,2,0,1,0,0,14,Group stage,MAKHADMEH Adham (JOR),12492,https://fdp.fifa.org/assetspublic/ce281/r12492/pdf/FullTimeMatchReport-English.pdf,1,1,1.0,10.0,1.0
Cabo Verde,CPV,Spain,ESP,right,0,0,27,6,1,1,1,10,1,10,2,0,0,3,0,1,0,0,14,Group stage,MAKHADMEH Adham (JOR),12492,https://fdp.fifa.org/assetspublic/ce281/r12492/pdf/FullTimeMatchReport-English.pdf,1,1,10.0,1.0,1.0
IR Iran,IRN,New Zealand,NZL,left,2,2,48,17,4,5,10,8,4,8,0,0,0,2,0,1,0,0,15,Group stage,RAMOS Cesar (MEX),12485,https://fdp.fifa.org/assetspublic/ce281/r12485/pdf/FullTimeMatchReport-English.pdf,1,1,1.0,10.0,1.0
New Zealand,NZL,IR Iran,IRN,right,2,2,52,14,8,1,8,10,1,9,2,0,0,0,0,0,0,0,15,Group stage,RAMOS Cesar (MEX),12485,https://fdp.fifa.org/assetspublic/ce281/r12485/pdf/FullTimeMatchReport-English.pdf,0,0,0.0,8.0,0.0
Belgium,BEL,Egypt,EGY,left,1,1,53,15,3,4,15,15,2,15,1,0,0,0,0,2,0,0,16,Group stage,ABATTI Ramon (BRA),12488,https://fdp.fifa.org/assetspublic/ce281/r12488/pdf/FullTimeMatchReport-English.pdf,2,2,1.3333333333333333,15.0,2.0
Egypt,EGY,Belgium,BEL,right,1,1,47,14,4,5,15,15,7,15,0,0,0,1,1,2,0,0,16,Group stage,ABATTI Ramon (BRA),12488,https://fdp.fifa.org/assetspublic/ce281/r12488/pdf/FullTimeMatchReport-English.pdf,2,2,1.3333333333333333,15.0,2.0
France,FRA,Senegal,SEN,left,3,1,53,11,8,2,5,9,6,9,3,0,0,1,0,0,0,0,17,Group stage,FAGHANI Alireza (AUS),12499,https://fdp.fifa.org/assetspublic/ce281/r12499/pdf/FullTimeMatchReport-English.pdf,0,0,0.0,5.0,0.0
Senegal,SEN,France,FRA,right,1,3,47,6,2,1,9,5,4,5,1,0,0,3,0,0,0,0,17,Group stage,FAGHANI Alireza (AUS),12499,https://fdp.fifa.org/assetspublic/ce281/r12499/pdf/FullTimeMatchReport-English.pdf,0,0,0.0,9.0,0.0
Iraq,IRQ,Norway,NOR,left,1,4,39,11,1,1,12,13,2,13,0,0,0,1,1,1,0,0,18,Group stage,ATCHO Pierre (GAB),12497,https://fdp.fifa.org/assetspublic/ce281/r12497/pdf/FullTimeMatchReport-English.pdf,1,1,0.8333333333333334,12.0,1.0
Norway,NOR,Iraq,IRQ,right,4,1,61,12,5,2,13,12,5,12,1,0,0,0,0,0,0,0,18,Group stage,ATCHO Pierre (GAB),12497,https://fdp.fifa.org/assetspublic/ce281/r12497/pdf/FullTimeMatchReport-English.pdf,0,0,0.0,13.0,0.0
Argentina,ARG,Algeria,ALG,left,3,0,48,10,6,0,13,8,2,8,1,0,0,3,0,0,0,0,19,Group stage,MARCINIAK Szymon (POL),12506,https://fdp.fifa.org/assetspublic/ce281/r12506/pdf/FullTimeMatchReport-English.pdf,0,0,0.0,13.0,0.0
Algeria,ALG,Argentina,ARG,right,0,3,52,7,0,3,8,13,2,13,3,0,0,1,0,0,0,0,19,Group stage,MARCINIAK Szymon (POL),12506,https://fdp.fifa.org/assetspublic/ce281/r12506/pdf/FullTimeMatchReport-English.pdf,0,0,0.0,8.0,0.0
Austria,AUT,Jordan,JOR,left,3,1,63,11,4,2,12,7,4,6,1,1,1,3,0,1,0,0,20,Group stage,BEIDA Dahane (MTN),12508,https://fdp.fifa.org/assetspublic/ce281/r12508/pdf/FullTimeMatchReport-English.pdf,1,1,0.8333333333333334,12.0,1.0
Jordan,JOR,Austria,AUT,right,1,3,37,11,4,3,7,12,3,12,3,0,0,1,1,0,0,0,20,Group stage,BEIDA Dahane (MTN),12508,https://fdp.fifa.org/assetspublic/ce281/r12508/pdf/FullTimeMatchReport-English.pdf,0,0,0.0,7.0,0.0
Ghana,GHA,Panama,PAN,left,1,0,38,7,2,1,9,11,2,11,1,0,0,4,0,1,0,0,21,Group stage,NYBERG Glenn (SWE),12519,https://fdp.fifa.org/assetspublic/ce281/r12519/pdf/FullTimeMatchReport-English.pdf,1,1,1.1111111111111112,9.0,1.0
Panama,PAN,Ghana,GHA,right,0,1,62,11,4,2,11,9,2,9,3,0,0,1,0,2,0,0,21,Group stage,NYBERG Glenn (SWE),12519,https://fdp.fifa.org/assetspublic/ce281/r12519/pdf/FullTimeMatchReport-English.pdf,2,2,1.8181818181818181,11.0,2.0
England,ENG,Croatia,CRO,left,4,2,52,22,11,4,10,12,8,11,1,1,1,0,0,0,0,0,22,Group stage,TURPIN Clement (FRA),12516,https://fdp.fifa.org/assetspublic/ce281/r12516/pdf/FullTimeMatchReport-English.pdf,0,0,0.0,10.0,0.0
Croatia,CRO,England,ENG,right,2,4,48,10,5,2,12,10,2,10,0,0,0,1,0,0,0,0,22,Group stage,TURPIN Clement (FRA),12516,https://fdp.fifa.org/assetspublic/ce281/r12516/pdf/FullTimeMatchReport-English.pdf,0,0,0.0,12.0,0.0
Portugal,POR,Congo DR,COD,left,1,1,75,7,1,2,9,10,5,10,2,0,0,3,0,3,0,0,23,Group stage,ALJASSIM Abdulrahman (QAT),12511,https://fdp.fifa.org/assetspublic/ce281/r12511/pdf/FullTimeMatchReport-English.pdf,3,3,3.3333333333333335,9.0,3.0
Congo DR,COD,Portugal,POR,right,1,1,25,8,2,1,10,9,4,9,3,0,0,2,0,1,0,0,23,Group stage,ALJASSIM Abdulrahman (QAT),12511,https://fdp.fifa.org/assetspublic/ce281/r12511/pdf/FullTimeMatchReport-English.pdf,1,1,1.0,10.0,1.0
Uzbekistan,UZB,Colombia,COL,left,1,3,40,8,2,1,14,11,3,11,3,0,0,0,0,1,0,0,24,Group stage,TAYLOR Anthony (ENG),12513,https://fdp.fifa.org/assetspublic/ce281/r12513/pdf/FullTimeMatchReport-English.pdf,1,1,0.7142857142857143,14.0,1.0
Colombia,COL,Uzbekistan,UZB,right,3,1,60,15,4,3,11,14,4,14,0,0,0,3,0,1,0,0,24,Group stage,TAYLOR Anthony (ENG),12513,https://fdp.fifa.org/assetspublic/ce281/r12513/pdf/FullTimeMatchReport-English.pdf,1,1,0.9090909090909091,11.0,1.0
Czechia,CZE,South Africa,RSA,left,1,1,37,14,3,4,12,10,5,10,3,0,0,2,0,1,0,0,25,Group stage,PENSO Tori (USA),12449,https://fdp.fifa.org/assetspublic/ce281/r12449/pdf/FullTimeMatchReport-English.pdf,1,1,0.8333333333333334,12.0,1.0
South Africa,RSA,Czechia,CZE,right,1,1,63,17,4,7,10,12,5,11,2,1,1,3,0,2,0,0,25,Group stage,PENSO Tori (USA),12449,https://fdp.fifa.org/assetspublic/ce281/r12449/pdf/FullTimeMatchReport-English.pdf,2,2,2.0,10.0,2.0
Switzerland,SUI,Bosnia and Herzegovina,BIH,left,4,1,62,13,7,0,7,18,7,16,2,1,1,3,0,1,0,0,26,Group stage,PINHEIRO Joao (POR),12455,https://fdp.fifa.org/assetspublic/ce281/r12455/pdf/FullTimeMatchReport-English.pdf,1,1,1.4285714285714286,7.0,1.0
Bosnia and Herzegovina,BIH,Switzerland,SUI,right,1,4,38,5,3,2,18,7,3,8,2,0,0,1,0,2,0,1,26,Group stage,PINHEIRO Joao (POR),12455,https://fdp.fifa.org/assetspublic/ce281/r12455/pdf/FullTimeMatchReport-English.pdf,3,6,1.6666666666666667,18.0,3.0
Canada,CAN,Qatar,QAT,left,6,0,77,33,10,12,9,10,19,10,1,0,0,1,0,1,0,0,27,Group stage,GARAY Cristian (CHI),12459,https://fdp.fifa.org/assetspublic/ce281/r12459/pdf/FullTimeMatchReport-English.pdf,1,1,1.1111111111111112,9.0,1.0
Qatar,QAT,Canada,CAN,right,0,6,23,2,0,0,10,9,1,7,1,0,0,1,1,1,0,2,27,Group stage,GARAY Cristian (CHI),12459,https://fdp.fifa.org/assetspublic/ce281/r12459/pdf/FullTimeMatchReport-English.pdf,3,9,3.0,10.0,3.0
Mexico,MEX,Korea Republic,KOR,left,1,0,43,8,4,1,9,7,0,7,6,0,0,3,0,0,0,0,28,Group stage,TEJERA Gustavo (URU),12451,https://fdp.fifa.org/assetspublic/ce281/r12451/pdf/FullTimeMatchReport-English.pdf,0,0,0.0,9.0,0.0
Korea Republic,KOR,Mexico,MEX,right,0,1,57,8,2,2,7,9,2,9,3,0,0,6,0,2,0,0,28,Group stage,TEJERA Gustavo (URU),12451,https://fdp.fifa.org/assetspublic/ce281/r12451/pdf/FullTimeMatchReport-English.pdf,2,2,2.857142857142857,7.0,2.0
Brazil,BRA,Haiti,HAI,left,3,0,57,8,5,0,14,14,4,13,5,0,0,8,0,1,0,0,29,Group stage,HERNANDEZ Alejandro (ESP),12466,https://fdp.fifa.org/assetspublic/ce281/r12466/pdf/FullTimeMatchReport-English.pdf,1,1,0.7142857142857143,14.0,1.0
Haiti,HAI,Brazil,BRA,right,0,3,43,8,3,1,14,14,4,13,8,0,0,4,0,3,0,0,29,Group stage,HERNANDEZ Alejandro (ESP),12466,https://fdp.fifa.org/assetspublic/ce281/r12466/pdf/FullTimeMatchReport-English.pdf,3,3,2.142857142857143,14.0,3.0
Scotland,SCO,Morocco,MAR,left,0,1,40,6,0,2,11,8,2,8,0,0,0,1,0,1,0,0,30,Group stage,TANTASHEV Ilgiz (UZB),12463,https://fdp.fifa.org/assetspublic/ce281/r12463/pdf/FullTimeMatchReport-English.pdf,1,1,0.9090909090909091,11.0,1.0
Morocco,MAR,Scotland,SCO,right,1,0,60,12,2,4,8,11,5,10,1,0,0,0,0,1,0,0,30,Group stage,TANTASHEV Ilgiz (UZB),12463,https://fdp.fifa.org/assetspublic/ce281/r12463/pdf/FullTimeMatchReport-English.pdf,1,1,1.25,8.0,1.0
Türkiye,TUR,Paraguay,PAR,left,0,1,81,32,5,10,14,15,12,15,3,0,0,2,0,2,0,0,31,Group stage,BARTON Ivan (SLV),12470,https://fdp.fifa.org/assetspublic/ce281/r12470/pdf/FullTimeMatchReport-English.pdf,2,2,1.4285714285714286,14.0,2.0
Paraguay,PAR,Türkiye,TUR,right,1,0,19,7,2,3,15,14,0,13,3,0,0,3,0,2,0,1,31,Group stage,BARTON Ivan (SLV),12470,https://fdp.fifa.org/assetspublic/ce281/r12470/pdf/FullTimeMatchReport-English.pdf,3,6,2.0,15.0,3.0
USA,USA,Australia,AUS,left,2,0,63,10,2,6,12,16,7,16,0,0,0,1,0,3,0,0,32,Group stage,ZWAYER Felix (GER),12471,https://fdp.fifa.org/assetspublic/ce281/r12471/pdf/FullTimeMatchReport-English.pdf,3,3,2.5,12.0,3.0
Australia,AUS,USA,USA,right,0,2,37,5,2,0,16,12,4,11,2,0,0,0,1,4,0,0,32,Group stage,ZWAYER Felix (GER),12471,https://fdp.fifa.org/assetspublic/ce281/r12471/pdf/FullTimeMatchReport-English.pdf,4,4,2.5,16.0,4.0
Germany,GER,Côte d'Ivoire,CIV,left,2,1,58,16,7,3,5,7,8,7,1,0,0,0,0,0,0,0,33,Group stage,BENITEZ Juan Gabriel (PAR),12478,https://fdp.fifa.org/assetspublic/ce281/r12478/pdf/FullTimeMatchReport-English.pdf,0,0,0.0,5.0,0.0
Côte d'Ivoire,CIV,Germany,GER,right,1,2,42,9,2,5,7,5,3,5,0,0,0,1,0,0,0,0,33,Group stage,BENITEZ Juan Gabriel (PAR),12478,https://fdp.fifa.org/assetspublic/ce281/r12478/pdf/FullTimeMatchReport-English.pdf,0,0,0.0,7.0,0.0
Ecuador,ECU,Curaçao,CUW,left,0,0,74,28,15,2,7,10,9,10,2,0,0,1,0,1,0,0,34,Group stage,MA Ning (CHN),12474,https://fdp.fifa.org/assetspublic/ce281/r12474/pdf/FullTimeMatchReport-English.pdf,1,1,1.4285714285714286,7.0,1.0
Curaçao,CUW,Ecuador,ECU,right,0,0,26,10,3,2,10,7,0,7,1,0,0,2,0,5,0,0,34,Group stage,MA Ning (CHN),12474,https://fdp.fifa.org/assetspublic/ce281/r12474/pdf/FullTimeMatchReport-English.pdf,5,5,5.0,10.0,5.0
Netherlands,NED,Sweden,SWE,left,5,1,52,10,7,0,9,12,2,12,3,0,0,3,0,0,0,0,35,Group stage,OLIVER Michael (ENG),12481,https://fdp.fifa.org/assetspublic/ce281/r12481/pdf/FullTimeMatchReport-English.pdf,0,0,0.0,9.0,0.0
Sweden,SWE,Netherlands,NED,right,1,5,48,16,8,2,12,9,5,9,3,0,0,3,0,3,0,0,35,Group stage,OLIVER Michael (ENG),12481,https://fdp.fifa.org/assetspublic/ce281/r12481/pdf/FullTimeMatchReport-English.pdf,3,3,2.5,12.0,3.0
Tunisia,TUN,Japan,JPN,left,0,4,40,2,0,0,8,15,3,15,1,0,0,1,0,0,0,0,36,Group stage,KOVACS Istvan (ROU),12483,https://fdp.fifa.org/assetspublic/ce281/r12483/pdf/FullTimeMatchReport-English.pdf,0,0,0.0,8.0,0.0
Japan,JPN,Tunisia,TUN,right,4,0,60,11,5,3,15,8,5,9,0,0,0,1,0,0,0,0,36,Group stage,KOVACS Istvan (ROU),12483,https://fdp.fifa.org/assetspublic/ce281/r12483/pdf/FullTimeMatchReport-English.pdf,0,0,0.0,15.0,0.0
Uruguay,URU,Cabo Verde,CPV,left,2,2,63,17,2,7,11,4,11,4,0,0,0,3,0,2,0,0,37,Group stage,ESKAS Espen (NOR),12496,https://fdp.fifa.org/assetspublic/ce281/r12496/pdf/FullTimeMatchReport-English.pdf,2,2,1.8181818181818181,11.0,2.0
Cabo Verde,CPV,Uruguay,URU,right,2,2,37,12,4,4,4,11,4,10,3,0,0,0,0,2,0,0,37,Group stage,ESKAS Espen (NOR),12496,https://fdp.fifa.org/assetspublic/ce281/r12496/pdf/FullTimeMatchReport-English.pdf,2,2,5.0,4.0,2.0
Spain,ESP,Saudi Arabia,KSA,left,4,0,66,22,8,2,10,2,6,2,3,0,0,2,0,0,0,0,38,Group stage,CLAUS Raphael (BRA),12491,https://fdp.fifa.org/assetspublic/ce281/r12491/pdf/FullTimeMatchReport-English.pdf,0,0,0.0,10.0,0.0
Saudi Arabia,KSA,Spain,ESP,right,0,4,34,3,1,1,2,10,1,10,2,0,0,3,1,2,0,0,38,Group stage,CLAUS Raphael (BRA),12491,https://fdp.fifa.org/assetspublic/ce281/r12491/pdf/FullTimeMatchReport-English.pdf,2,2,10.0,2.0,2.0
Belgium,BEL,IR Iran,IRN,left,0,0,69,23,7,7,7,9,4,9,4,0,0,3,0,1,0,1,39,Group stage,HERRERA Dario (ARG),12486,https://fdp.fifa.org/assetspublic/ce281/r12486/pdf/FullTimeMatchReport-English.pdf,2,5,2.857142857142857,7.0,2.0
IR Iran,IRN,Belgium,BEL,right,0,0,31,7,3,1,9,7,2,7,3,0,0,4,0,1,0,0,39,Group stage,HERRERA Dario (ARG),12486,https://fdp.fifa.org/assetspublic/ce281/r12486/pdf/FullTimeMatchReport-English.pdf,1,1,1.1111111111111112,9.0,1.0
New Zealand,NZL,Egypt,EGY,left,1,3,43,11,5,3,14,8,4,8,0,0,0,3,0,2,0,0,40,Group stage,ALALI Omar (UAE),12489,https://fdp.fifa.org/assetspublic/ce281/r12489/pdf/FullTimeMatchReport-English.pdf,2,2,1.4285714285714286,14.0,2.0
Egypt,EGY,New Zealand,NZL,right,3,1,57,19,7,4,8,14,3,14,3,0,0,0,0,1,0,0,40,Group stage,ALALI Omar (UAE),12489,https://fdp.fifa.org/assetspublic/ce281/r12489/pdf/FullTimeMatchReport-English.pdf,1,1,1.25,8.0,1.0
Norway,NOR,Senegal,SEN,left,3,2,41,13,7,3,13,5,5,5,4,0,0,0,0,0,0,0,41,Group stage,SAMPAIO Wilton (BRA),12500,https://fdp.fifa.org/assetspublic/ce281/r12500/pdf/FullTimeMatchReport-English.pdf,0,0,0.0,13.0,0.0
Senegal,SEN,Norway,NOR,right,2,3,59,16,4,4,5,13,4,13,0,0,0,4,0,0,0,0,41,Group stage,SAMPAIO Wilton (BRA),12500,https://fdp.fifa.org/assetspublic/ce281/r12500/pdf/FullTimeMatchReport-English.pdf,0,0,0.0,5.0,0.0
France,FRA,Iraq,IRQ,left,3,0,55,19,5,3,8,4,4,4,0,0,0,1,0,0,0,0,42,Group stage,FISCHER Drew (CAN),12501,https://fdp.fifa.org/assetspublic/ce281/r12501/pdf/FullTimeMatchReport-English.pdf,0,0,0.0,8.0,0.0
Iraq,IRQ,France,FRA,right,0,3,45,4,0,1,4,8,2,8,1,0,0,0,0,1,0,0,42,Group stage,FISCHER Drew (CAN),12501,https://fdp.fifa.org/assetspublic/ce281/r12501/pdf/FullTimeMatchReport-English.pdf,1,1,2.5,4.0,1.0
Argentina,ARG,Austria,AUT,left,2,0,54,12,4,4,13,13,1,11,1,1,0,2,0,2,0,0,43,Group stage,MOHAMED Amin (EGY),12504,https://fdp.fifa.org/assetspublic/ce281/r12504/pdf/FullTimeMatchReport-English.pdf,2,2,1.5384615384615385,13.0,2.0
Austria,AUT,Argentina,ARG,right,0,2,46,6,1,1,13,13,3,12,3,0,0,0,0,2,0,0,43,Group stage,MOHAMED Amin (EGY),12504,https://fdp.fifa.org/assetspublic/ce281/r12504/pdf/FullTimeMatchReport-English.pdf,2,2,1.5384615384615385,13.0,2.0
Jordan,JOR,Algeria,ALG,left,1,2,30,8,4,0,11,6,1,6,0,0,0,1,0,1,0,0,44,Group stage,VINCIC Slavko (SVN),12507,https://fdp.fifa.org/assetspublic/ce281/r12507/pdf/FullTimeMatchReport-English.pdf,1,1,0.9090909090909091,11.0,1.0
Algeria,ALG,Jordan,JOR,right,2,1,70,17,8,4,6,11,10,11,1,0,0,0,0,1,0,0,44,Group stage,VINCIC Slavko (SVN),12507,https://fdp.fifa.org/assetspublic/ce281/r12507/pdf/FullTimeMatchReport-English.pdf,1,1,1.6666666666666667,6.0,1.0
England,ENG,Ghana,GHA,left,0,0,77,19,3,5,14,24,9,24,2,0,0,2,0,1,0,0,45,Group stage,MARTINEZ Said (HON),12515,https://fdp.fifa.org/assetspublic/ce281/r12515/pdf/FullTimeMatchReport-English.pdf,1,1,0.7142857142857143,14.0,1.0
Ghana,GHA,England,ENG,right,0,0,23,2,1,1,24,14,2,14,2,0,0,2,0,1,0,0,45,Group stage,MARTINEZ Said (HON),12515,https://fdp.fifa.org/assetspublic/ce281/r12515/pdf/FullTimeMatchReport-English.pdf,1,1,0.4166666666666667,24.0,1.0
Panama,PAN,Croatia,CRO,left,0,1,40,8,1,2,19,12,7,12,2,0,0,1,0,1,0,0,46,Group stage,ATCHO Pierre (GAB),12520,https://fdp.fifa.org/assetspublic/ce281/r12520/pdf/FullTimeMatchReport-English.pdf,1,1,0.5263157894736842,19.0,1.0
Croatia,CRO,Panama,PAN,right,1,0,60,6,2,0,12,19,2,19,1,0,0,2,0,1,0,0,46,Group stage,ATCHO Pierre (GAB),12520,https://fdp.fifa.org/assetspublic/ce281/r12520/pdf/FullTimeMatchReport-English.pdf,1,1,0.8333333333333334,12.0,1.0
Portugal,POR,Uzbekistan,UZB,left,5,0,65,17,8,2,15,15,3,15,2,0,0,1,0,1,0,0,47,Group stage,JAYED Jalal (MAR),12512,https://fdp.fifa.org/assetspublic/ce281/r12512/pdf/FullTimeMatchReport-English.pdf,1,1,0.6666666666666666,15.0,1.0
Uzbekistan,UZB,Portugal,POR,right,0,5,35,7,2,2,15,15,2,15,1,0,0,2,1,1,0,0,47,Group stage,JAYED Jalal (MAR),12512,https://fdp.fifa.org/assetspublic/ce281/r12512/pdf/FullTimeMatchReport-English.pdf,1,1,0.6666666666666666,15.0,1.0
Colombia,COL,Congo DR,COD,left,1,0,63,20,9,5,12,16,5,16,0,0,0,7,0,2,0,0,48,Group stage,MARIANI Maurizio (ITA),12510,https://fdp.fifa.org/assetspublic/ce281/r12510/pdf/FullTimeMatchReport-English.pdf,2,2,1.6666666666666667,12.0,2.0
Congo DR,COD,Colombia,COL,right,0,1,37,7,2,2,16,12,4,12,7,0,0,0,0,1,0,0,48,Group stage,MARIANI Maurizio (ITA),12510,https://fdp.fifa.org/assetspublic/ce281/r12510/pdf/FullTimeMatchReport-English.pdf,1,1,0.625,16.0,1.0
Scotland,SCO,Brazil,BRA,left,0,3,46,14,5,5,10,11,6,10,2,0,0,0,0,1,0,0,49,Group stage,RAMOS Cesar (MEX),12464,https://fdp.fifa.org/assetspublic/ce281/r12464/pdf/FullTimeMatchReport-English.pdf,1,1,1.0,10.0,1.0
Brazil,BRA,Scotland,SCO,right,3,0,54,21,8,6,11,10,6,10,0,0,0,1,0,2,0,0,49,Group stage,RAMOS Cesar (MEX),12464,https://fdp.fifa.org/assetspublic/ce281/r12464/pdf/FullTimeMatchReport-English.pdf,2,2,1.8181818181818181,11.0,2.0
Morocco,MAR,Haiti,HAI,left,4,2,67,23,11,4,10,18,9,18,0,0,0,5,1,0,0,0,50,Group stage,MAKKELIE Danny (NED),12461,https://fdp.fifa.org/assetspublic/ce281/r12461/pdf/FullTimeMatchReport-English.pdf,0,0,0.0,10.0,0.0
Haiti,HAI,Morocco,MAR,right,2,4,33,8,2,2,18,10,1,10,5,0,0,0,0,3,0,0,50,Group stage,MAKKELIE Danny (NED),12461,https://fdp.fifa.org/assetspublic/ce281/r12461/pdf/FullTimeMatchReport-English.pdf,3,3,1.6666666666666667,18.0,3.0
Switzerland,SUI,Canada,CAN,left,2,1,57,6,4,1,19,13,2,12,3,0,0,1,0,1,0,0,51,Group stage,ABATTI Ramon (BRA),12460,https://fdp.fifa.org/assetspublic/ce281/r12460/pdf/FullTimeMatchReport-English.pdf,1,1,0.5263157894736842,19.0,1.0
Canada,CAN,Switzerland,SUI,right,1,2,43,13,7,0,13,19,7,19,1,0,0,3,0,2,0,0,51,Group stage,ABATTI Ramon (BRA),12460,https://fdp.fifa.org/assetspublic/ce281/r12460/pdf/FullTimeMatchReport-English.pdf,2,2,1.5384615384615385,13.0,2.0
Bosnia and Herzegovina,BIH,Qatar,QAT,left,3,1,52,14,5,3,9,14,5,14,3,0,0,1,0,1,0,0,52,Group stage,VALENZUELA Jesus (VEN),12457,https://fdp.fifa.org/assetspublic/ce281/r12457/pdf/FullTimeMatchReport-English.pdf,1,1,1.1111111111111112,9.0,1.0
Qatar,QAT,Bosnia and Herzegovina,BIH,right,1,3,48,9,3,0,14,9,5,9,1,0,0,3,1,1,0,0,52,Group stage,VALENZUELA Jesus (VEN),12457,https://fdp.fifa.org/assetspublic/ce281/r12457/pdf/FullTimeMatchReport-English.pdf,1,1,0.7142857142857143,14.0,1.0
Czechia,CZE,Mexico,MEX,left,0,3,50,13,1,5,9,13,5,13,0,0,0,1,0,0,0,0,53,Group stage,FALCON PEREZ Yael (ARG),12453,https://fdp.fifa.org/assetspublic/ce281/r12453/pdf/FullTimeMatchReport-English.pdf,0,0,0.0,9.0,0.0
Mexico,MEX,Czechia,CZE,right,3,0,50,11,5,2,13,9,1,9,1,0,0,0,0,1,0,0,53,Group stage,FALCON PEREZ Yael (ARG),12453,https://fdp.fifa.org/assetspublic/ce281/r12453/pdf/FullTimeMatchReport-English.pdf,1,1,0.7692307692307693,13.0,1.0
South Africa,RSA,Korea Republic,KOR,left,1,0,32,13,4,2,7,9,4,9,0,0,0,3,0,1,0,0,54,Group stage,TELLO Facundo (ARG),12454,https://fdp.fifa.org/assetspublic/ce281/r12454/pdf/FullTimeMatchReport-English.pdf,1,1,1.4285714285714286,7.0,1.0
Korea Republic,KOR,South Africa,RSA,right,0,1,68,8,3,2,9,7,6,7,3,0,0,0,0,1,0,0,54,Group stage,TELLO Facundo (ARG),12454,https://fdp.fifa.org/assetspublic/ce281/r12454/pdf/FullTimeMatchReport-English.pdf,1,1,1.1111111111111112,9.0,1.0
Curaçao,CUW,Côte d'Ivoire,CIV,left,0,2,36,11,2,2,11,6,4,6,1,0,0,2,0,2,0,0,55,Group stage,NYBERG Glenn (SWE),12477,https://fdp.fifa.org/assetspublic/ce281/r12477/pdf/FullTimeMatchReport-English.pdf,2,2,1.8181818181818181,11.0,2.0
Côte d'Ivoire,CIV,Curaçao,CUW,right,2,0,64,7,3,1,6,11,6,11,2,0,0,1,0,1,0,0,55,Group stage,NYBERG Glenn (SWE),12477,https://fdp.fifa.org/assetspublic/ce281/r12477/pdf/FullTimeMatchReport-English.pdf,1,1,1.6666666666666667,6.0,1.0
Ecuador,ECU,Germany,GER,left,2,1,39,7,3,1,15,10,3,10,0,0,0,0,0,3,0,0,56,Group stage,PENSO Tori (USA),12475,https://fdp.fifa.org/assetspublic/ce281/r12475/pdf/FullTimeMatchReport-English.pdf,3,3,2.0,15.0,3.0
Germany,GER,Ecuador,ECU,right,1,2,61,11,3,5,10,15,2,15,0,0,0,0,0,1,0,0,56,Group stage,PENSO Tori (USA),12475,https://fdp.fifa.org/assetspublic/ce281/r12475/pdf/FullTimeMatchReport-English.pdf,1,1,1.0,10.0,1.0
Japan,JPN,Sweden,SWE,left,1,1,52,8,3,2,20,11,2,11,2,0,0,3,0,1,0,0,57,Group stage,BARTON Ivan (SLV),12479,https://fdp.fifa.org/assetspublic/ce281/r12479/pdf/FullTimeMatchReport-English.pdf,1,1,0.5,20.0,1.0
Sweden,SWE,Japan,JPN,right,1,1,48,11,5,2,11,20,8,20,3,0,0,2,0,2,0,0,57,Group stage,BARTON Ivan (SLV),12479,https://fdp.fifa.org/assetspublic/ce281/r12479/pdf/FullTimeMatchReport-English.pdf,2,2,1.8181818181818181,11.0,2.0
Tunisia,TUN,Netherlands,NED,left,1,3,29,10,4,1,11,10,4,10,1,0,0,2,1,0,0,0,58,Group stage,GARCIA Katia (MEX),12482,https://fdp.fifa.org/assetspublic/ce281/r12482/pdf/FullTimeMatchReport-English.pdf,0,0,0.0,11.0,0.0
Netherlands,NED,Tunisia,TUN,right,3,1,71,20,7,5,10,11,6,11,2,0,0,1,0,0,0,0,58,Group stage,GARCIA Katia (MEX),12482,https://fdp.fifa.org/assetspublic/ce281/r12482/pdf/FullTimeMatchReport-English.pdf,0,0,0.0,10.0,0.0
Türkiye,TUR,USA,USA,left,3,2,48,8,4,0,13,13,2,13,5,0,0,2,0,0,0,0,59,Group stage,GHORBAL Mustapha (ALG),12468,https://fdp.fifa.org/assetspublic/ce281/r12468/pdf/FullTimeMatchReport-English.pdf,0,0,0.0,13.0,0.0
USA,USA,Türkiye,TUR,right,2,3,52,18,7,5,13,13,9,13,2,0,0,5,0,1,0,0,59,Group stage,GHORBAL Mustapha (ALG),12468,https://fdp.fifa.org/assetspublic/ce281/r12468/pdf/FullTimeMatchReport-English.pdf,1,1,0.7692307692307693,13.0,1.0
Paraguay,PAR,Australia,AUS,left,0,0,44,7,2,1,9,6,1,6,0,0,0,0,0,1,0,0,60,Group stage,TURPIN Clement (FRA),12469,https://fdp.fifa.org/assetspublic/ce281/r12469/pdf/FullTimeMatchReport-English.pdf,1,1,1.1111111111111112,9.0,1.0
Australia,AUS,Paraguay,PAR,right,0,0,56,12,5,2,6,9,3,9,0,0,0,0,0,1,0,0,60,Group stage,TURPIN Clement (FRA),12469,https://fdp.fifa.org/assetspublic/ce281/r12469/pdf/FullTimeMatchReport-English.pdf,1,1,1.6666666666666667,6.0,1.0
Norway,NOR,France,FRA,left,1,4,44,10,4,3,9,11,4,10,2,1,0,1,0,1,0,0,61,Group stage,OLIVER Michael (ENG),12498,https://fdp.fifa.org/assetspublic/ce281/r12498/pdf/FullTimeMatchReport-English.pdf,1,1,1.1111111111111112,9.0,1.0
France,FRA,Norway,NOR,right,4,1,56,18,9,4,11,9,5,9,2,0,0,2,0,1,0,0,61,Group stage,OLIVER Michael (ENG),12498,https://fdp.fifa.org/assetspublic/ce281/r12498/pdf/FullTimeMatchReport-English.pdf,1,1,0.9090909090909091,11.0,1.0
Senegal,SEN,Iraq,IRQ,left,5,0,68,28,12,4,10,11,12,11,0,0,0,1,0,2,0,0,62,Group stage,TAYLOR Anthony (ENG),12502,https://fdp.fifa.org/assetspublic/ce281/r12502/pdf/FullTimeMatchReport-English.pdf,2,2,2.0,10.0,2.0
Iraq,IRQ,Senegal,SEN,right,0,5,32,6,1,4,11,10,3,10,1,0,0,0,0,2,0,1,62,Group stage,TAYLOR Anthony (ENG),12502,https://fdp.fifa.org/assetspublic/ce281/r12502/pdf/FullTimeMatchReport-English.pdf,3,6,2.727272727272727,11.0,3.0
Egypt,EGY,IR Iran,IRN,left,1,1,62,15,3,2,11,16,8,16,3,0,0,0,0,3,0,0,63,Group stage,MARCINIAK Szymon (POL),12487,https://fdp.fifa.org/assetspublic/ce281/r12487/pdf/FullTimeMatchReport-English.pdf,3,3,2.727272727272727,11.0,3.0
IR Iran,IRN,Egypt,EGY,right,1,1,38,13,4,4,16,11,2,10,0,1,0,3,0,4,0,0,63,Group stage,MARCINIAK Szymon (POL),12487,https://fdp.fifa.org/assetspublic/ce281/r12487/pdf/FullTimeMatchReport-English.pdf,4,4,2.5,16.0,4.0
New Zealand,NZL,Belgium,BEL,left,1,5,47,6,2,1,10,7,5,6,1,0,0,1,0,2,0,0,64,Group stage,MAKHADMEH Adham (JOR),12490,https://fdp.fifa.org/assetspublic/ce281/r12490/pdf/FullTimeMatchReport-English.pdf,2,2,2.0,10.0,2.0
Belgium,BEL,New Zealand,NZL,right,5,1,53,35,10,9,7,10,8,10,1,0,0,1,0,0,0,0,64,Group stage,MAKHADMEH Adham (JOR),12490,https://fdp.fifa.org/assetspublic/ce281/r12490/pdf/FullTimeMatchReport-English.pdf,0,0,0.0,7.0,0.0
Cabo Verde,CPV,Saudi Arabia,KSA,left,0,0,51,15,2,5,10,16,4,16,0,0,0,2,0,1,0,0,65,Group stage,LETEXIER Francois (FRA),12494,https://fdp.fifa.org/assetspublic/ce281/r12494/pdf/FullTimeMatchReport-English.pdf,1,1,1.0,10.0,1.0
Saudi Arabia,KSA,Cabo Verde,CPV,right,0,0,49,7,3,2,16,10,2,10,1,0,0,0,0,3,0,0,65,Group stage,LETEXIER Francois (FRA),12494,https://fdp.fifa.org/assetspublic/ce281/r12494/pdf/FullTimeMatchReport-English.pdf,3,3,1.875,16.0,3.0
Uruguay,URU,Spain,ESP,left,0,1,32,5,1,1,14,14,1,14,2,0,0,5,0,3,0,1,66,Group stage,ELFATH Ismail (USA),12493,https://fdp.fifa.org/assetspublic/ce281/r12493/pdf/FullTimeMatchReport-English.pdf,4,7,2.857142857142857,14.0,4.0
Spain,ESP,Uruguay,URU,right,1,0,68,6,1,1,14,14,6,14,5,0,0,2,0,1,0,0,66,Group stage,ELFATH Ismail (USA),12493,https://fdp.fifa.org/assetspublic/ce281/r12493/pdf/FullTimeMatchReport-English.pdf,1,1,0.7142857142857143,14.0,1.0
Panama,PAN,England,ENG,left,0,2,35,12,2,3,16,13,3,13,4,0,0,4,0,2,0,0,67,Group stage,ALJASSIM Abdulrahman (QAT),12517,https://fdp.fifa.org/assetspublic/ce281/r12517/pdf/FullTimeMatchReport-English.pdf,2,2,1.25,16.0,2.0
England,ENG,Panama,PAN,right,2,0,65,17,6,2,13,16,7,16,4,0,0,4,0,1,0,0,67,Group stage,ALJASSIM Abdulrahman (QAT),12517,https://fdp.fifa.org/assetspublic/ce281/r12517/pdf/FullTimeMatchReport-English.pdf,1,1,0.7692307692307693,13.0,1.0
Croatia,CRO,Ghana,GHA,left,2,1,52,8,4,2,10,12,3,13,2,0,0,1,0,1,0,0,68,Group stage,FISCHER Drew (CAN),12518,https://fdp.fifa.org/assetspublic/ce281/r12518/pdf/FullTimeMatchReport-English.pdf,1,1,1.0,10.0,1.0
Ghana,GHA,Croatia,CRO,right,1,2,48,6,1,2,12,10,2,9,1,0,0,2,0,1,0,0,68,Group stage,FISCHER Drew (CAN),12518,https://fdp.fifa.org/assetspublic/ce281/r12518/pdf/FullTimeMatchReport-English.pdf,1,1,0.8333333333333334,12.0,1.0
Algeria,ALG,Austria,AUT,left,3,3,66,12,5,2,3,7,0,7,3,0,0,1,0,0,0,0,69,Group stage,TANTASHEV Ilgiz (UZB),12505,https://fdp.fifa.org/assetspublic/ce281/r12505/pdf/FullTimeMatchReport-English.pdf,0,0,0.0,3.0,0.0
Austria,AUT,Algeria,ALG,right,3,3,34,10,3,1,7,3,3,3,1,0,0,3,0,1,0,0,69,Group stage,TANTASHEV Ilgiz (UZB),12505,https://fdp.fifa.org/assetspublic/ce281/r12505/pdf/FullTimeMatchReport-English.pdf,1,1,1.4285714285714286,7.0,1.0
Jordan,JOR,Argentina,ARG,left,1,3,27,5,1,2,13,7,2,7,3,0,0,1,0,3,0,0,70,Group stage,KOVACS Istvan (ROU),12503,https://fdp.fifa.org/assetspublic/ce281/r12503/pdf/FullTimeMatchReport-English.pdf,3,3,2.3076923076923075,13.0,3.0
Argentina,ARG,Jordan,JOR,right,3,1,73,13,4,1,7,13,6,12,0,1,1,3,0,0,0,0,70,Group stage,KOVACS Istvan (ROU),12503,https://fdp.fifa.org/assetspublic/ce281/r12503/pdf/FullTimeMatchReport-English.pdf,0,0,0.0,7.0,0.0
Colombia,COL,Portugal,POR,left,0,0,54,24,6,7,12,6,5,6,2,0,0,3,0,1,0,0,71,Group stage,FAGHANI Alireza (AUS),12514,https://fdp.fifa.org/assetspublic/ce281/r12514/pdf/FullTimeMatchReport-English.pdf,1,1,0.8333333333333334,12.0,1.0
Portugal,POR,Colombia,COL,right,0,0,46,13,2,4,6,12,2,13,2,0,0,2,0,0,0,0,71,Group stage,FAGHANI Alireza (AUS),12514,https://fdp.fifa.org/assetspublic/ce281/r12514/pdf/FullTimeMatchReport-English.pdf,0,0,0.0,6.0,0.0
Congo DR,COD,Uzbekistan,UZB,left,3,1,58,19,4,2,6,16,2,15,1,1,1,3,0,3,0,0,72,Group stage,ZWAYER Felix (GER),12509,https://fdp.fifa.org/assetspublic/ce281/r12509/pdf/FullTimeMatchReport-English.pdf,3,3,5.0,6.0,3.0
Uzbekistan,UZB,Congo DR,COD,right,1,3,42,3,1,0,16,6,4,6,3,0,0,1,0,2,0,0,72,Group stage,ZWAYER Felix (GER),12509,https://fdp.fifa.org/assetspublic/ce281/r12509/pdf/FullTimeMatchReport-English.pdf,2,2,1.25,16.0,2.0
South Africa,RSA,Canada,CAN,left,0,1,58,6,1,1,10,16,1,15,0,0,0,1,0,0,0,0,73,Round of 32,PINHEIRO Joao (POR),12527,https://fdp.fifa.org/assetspublic/ce281/r12527/pdf/FullTimeMatchReport-English.pdf,0,0,0.0,10.0,0.0
Canada,CAN,South Africa,RSA,right,1,0,42,12,7,0,16,10,4,10,1,0,0,0,0,2,0,0,73,Round of 32,PINHEIRO Joao (POR),12527,https://fdp.fifa.org/assetspublic/ce281/r12527/pdf/FullTimeMatchReport-English.pdf,2,2,1.25,16.0,2.0
Germany,GER,Paraguay,PAR,left,1,1,76,21,6,7,18,12,16,12,1,0,0,4,0,4,0,0,74,Round of 32,JAYED Jalal (MAR),12522,https://fdp.fifa.org/assetspublic/ce281/r12522/pdf/FullTimeMatchReport-English.pdf,4,4,2.2222222222222223,13.5,3.0
Paraguay,PAR,Germany,GER,right,1,1,24,7,3,0,12,18,6,17,4,0,0,1,0,4,0,0,74,Round of 32,JAYED Jalal (MAR),12522,https://fdp.fifa.org/assetspublic/ce281/r12522/pdf/FullTimeMatchReport-English.pdf,4,4,3.3333333333333335,9.0,3.0
Netherlands,NED,Morocco,MAR,left,1,1,31,6,2,2,18,15,5,15,0,0,0,3,0,0,0,0,75,Round of 32,SAMPAIO Wilton (BRA),12531,https://fdp.fifa.org/assetspublic/ce281/r12531/pdf/FullTimeMatchReport-English.pdf,0,0,0.0,13.5,0.0
Morocco,MAR,Netherlands,NED,right,1,1,69,11,5,2,15,18,8,18,3,0,0,0,0,1,0,0,75,Round of 32,SAMPAIO Wilton (BRA),12531,https://fdp.fifa.org/assetspublic/ce281/r12531/pdf/FullTimeMatchReport-English.pdf,1,1,0.6666666666666666,11.25,0.75
Brazil,BRA,Japan,JPN,left,2,1,68,19,7,3,4,13,6,13,0,0,0,1,0,2,0,0,76,Round of 32,MARIANI Maurizio (ITA),12525,https://fdp.fifa.org/assetspublic/ce281/r12525/pdf/FullTimeMatchReport-English.pdf,2,2,5.0,4.0,2.0
Japan,JPN,Brazil,BRA,right,1,2,32,5,2,1,13,4,2,4,1,0,0,0,0,3,0,0,76,Round of 32,MARIANI Maurizio (ITA),12525,https://fdp.fifa.org/assetspublic/ce281/r12525/pdf/FullTimeMatchReport-English.pdf,3,3,2.3076923076923075,13.0,3.0
France,FRA,Sweden,SWE,left,3,0,60,25,12,2,14,10,9,10,1,0,0,3,0,0,0,0,77,Round of 32,MAKKELIE Danny (NED),12532,https://fdp.fifa.org/assetspublic/ce281/r12532/pdf/FullTimeMatchReport-English.pdf,0,0,0.0,14.0,0.0
Sweden,SWE,France,FRA,right,0,3,40,7,3,0,10,14,1,14,3,0,0,1,0,0,0,0,77,Round of 32,MAKKELIE Danny (NED),12532,https://fdp.fifa.org/assetspublic/ce281/r12532/pdf/FullTimeMatchReport-English.pdf,0,0,0.0,10.0,0.0
Côte d'Ivoire,CIV,Norway,NOR,left,1,2,45,14,5,3,6,7,14,7,2,0,0,2,0,0,0,0,78,Round of 32,VALENZUELA Jesus (VEN),12523,https://fdp.fifa.org/assetspublic/ce281/r12523/pdf/FullTimeMatchReport-English.pdf,0,0,0.0,6.0,0.0
Norway,NOR,Côte d'Ivoire,CIV,right,2,1,55,9,4,2,7,6,3,5,3,0,0,2,0,1,0,0,78,Round of 32,VALENZUELA Jesus (VEN),12523,https://fdp.fifa.org/assetspublic/ce281/r12523/pdf/FullTimeMatchReport-English.pdf,1,1,1.4285714285714286,7.0,1.0
Mexico,MEX,Ecuador,ECU,left,2,0,43,15,3,2,10,14,3,14,1,0,0,0,0,0,0,0,79,Round of 32,VINCIC Slavko (SVN),12529,https://fdp.fifa.org/assetspublic/ce281/r12529/pdf/FullTimeMatchReport-English.pdf,0,0,0.0,10.0,0.0
Ecuador,ECU,Mexico,MEX,right,0,2,57,7,1,2,14,10,8,10,0,0,0,1,0,3,0,1,79,Round of 32,VINCIC Slavko (SVN),12529,https://fdp.fifa.org/assetspublic/ce281/r12529/pdf/FullTimeMatchReport-English.pdf,4,7,2.857142857142857,14.0,4.0
England,ENG,Congo DR,COD,left,2,1,57,16,7,4,10,12,5,12,4,0,0,0,0,1,0,0,80,Round of 32,MAKHADMEH Adham (JOR),12521,https://fdp.fifa.org/assetspublic/ce281/r12521/pdf/FullTimeMatchReport-English.pdf,1,1,1.0,10.0,1.0
Congo DR,COD,England,ENG,right,1,2,43,7,2,1,12,10,3,10,0,0,0,4,0,1,0,0,80,Round of 32,MAKHADMEH Adham (JOR),12521,https://fdp.fifa.org/assetspublic/ce281/r12521/pdf/FullTimeMatchReport-English.pdf,1,1,0.8333333333333334,12.0,1.0
USA,USA,Bosnia and Herzegovina,BIH,left,2,0,47,8,2,1,7,13,4,13,0,0,0,2,0,0,0,1,81,Round of 32,CLAUS Raphael (BRA),12533,https://fdp.fifa.org/assetspublic/ce281/r12533/pdf/FullTimeMatchReport-English.pdf,1,4,1.4285714285714286,7.0,1.0
Bosnia and Herzegovina,BIH,USA,USA,right,0,2,53,10,3,3,13,7,3,7,2,0,0,0,0,2,0,0,81,Round of 32,CLAUS Raphael (BRA),12533,https://fdp.fifa.org/assetspublic/ce281/r12533/pdf/FullTimeMatchReport-English.pdf,2,2,1.5384615384615385,13.0,2.0
Belgium,BEL,Senegal,SEN,left,3,2,52,19,5,6,22,12,4,11,2,1,1,2,0,2,0,0,82,Round of 32,MARTINEZ Said (HON),12534,https://fdp.fifa.org/assetspublic/ce281/r12534/pdf/FullTimeMatchReport-English.pdf,2,2,0.9090909090909091,16.5,1.5
Senegal,SEN,Belgium,BEL,right,2,3,48,19,5,3,12,22,2,22,2,0,0,2,0,1,0,0,82,Round of 32,MARTINEZ Said (HON),12534,https://fdp.fifa.org/assetspublic/ce281/r12534/pdf/FullTimeMatchReport-English.pdf,1,1,0.8333333333333334,9.0,0.75
Portugal,POR,Croatia,CRO,left,2,1,61,15,3,4,6,12,9,11,4,1,1,1,0,1,0,0,83,Round of 32,ESKAS Espen (NOR),12535,https://fdp.fifa.org/assetspublic/ce281/r12535/pdf/FullTimeMatchReport-English.pdf,1,1,1.6666666666666667,6.0,1.0
Croatia,CRO,Portugal,POR,right,1,2,39,13,6,2,12,6,5,6,1,0,0,4,0,2,0,0,83,Round of 32,ESKAS Espen (NOR),12535,https://fdp.fifa.org/assetspublic/ce281/r12535/pdf/FullTimeMatchReport-English.pdf,2,2,1.6666666666666667,12.0,2.0
Spain,ESP,Austria,AUT,left,3,0,64,23,10,6,8,15,9,15,5,0,0,2,0,0,0,0,84,Round of 32,NYBERG Glenn (SWE),12528,https://fdp.fifa.org/assetspublic/ce281/r12528/pdf/FullTimeMatchReport-English.pdf,0,0,0.0,8.0,0.0
Austria,AUT,Spain,ESP,right,0,3,36,5,0,1,15,8,0,8,2,0,0,5,0,1,0,0,84,Round of 32,NYBERG Glenn (SWE),12528,https://fdp.fifa.org/assetspublic/ce281/r12528/pdf/FullTimeMatchReport-English.pdf,1,1,0.6666666666666666,15.0,1.0
Switzerland,SUI,Algeria,ALG,left,2,0,44,11,5,2,10,12,4,12,2,0,0,0,0,0,0,0,85,Round of 32,FALCON PEREZ Yael (ARG),12536,https://fdp.fifa.org/assetspublic/ce281/r12536/pdf/FullTimeMatchReport-English.pdf,0,0,0.0,10.0,0.0
Algeria,ALG,Switzerland,SUI,right,0,2,56,8,2,3,12,10,2,10,0,0,0,2,0,2,0,0,85,Round of 32,FALCON PEREZ Yael (ARG),12536,https://fdp.fifa.org/assetspublic/ce281/r12536/pdf/FullTimeMatchReport-English.pdf,2,2,1.6666666666666667,12.0,2.0
Argentina,ARG,Cabo Verde,CPV,left,3,2,63,22,10,6,13,12,8,12,2,0,0,3,0,1,0,0,86,Round of 32,FISCHER Drew (CAN),12530,https://fdp.fifa.org/assetspublic/ce281/r12530/pdf/FullTimeMatchReport-English.pdf,1,1,0.7692307692307693,9.75,0.75
Cabo Verde,CPV,Argentina,ARG,right,2,3,37,16,5,5,12,13,8,13,3,0,0,2,1,1,0,0,86,Round of 32,FISCHER Drew (CAN),12530,https://fdp.fifa.org/assetspublic/ce281/r12530/pdf/FullTimeMatchReport-English.pdf,1,1,0.8333333333333334,9.0,0.75
Colombia,COL,Ghana,GHA,left,1,0,60,20,8,3,14,10,3,10,0,0,0,2,0,2,0,0,87,Round of 32,TURPIN Clement (FRA),12526,https://fdp.fifa.org/assetspublic/ce281/r12526/pdf/FullTimeMatchReport-English.pdf,2,2,1.4285714285714286,14.0,2.0
Ghana,GHA,Colombia,COL,right,0,1,40,8,0,4,10,14,2,14,2,0,0,0,0,3,0,0,87,Round of 32,TURPIN Clement (FRA),12526,https://fdp.fifa.org/assetspublic/ce281/r12526/pdf/FullTimeMatchReport-English.pdf,3,3,3.0,10.0,3.0
Australia,AUS,Egypt,EGY,left,1,1,42,16,1,10,12,14,4,14,3,0,0,0,0,0,0,0,88,Round of 32,TEJERA Gustavo (URU),12524,https://fdp.fifa.org/assetspublic/ce281/r12524/pdf/FullTimeMatchReport-English.pdf,0,0,0.0,9.0,0.0
Egypt,EGY,Australia,AUS,right,1,1,58,14,4,5,14,12,7,12,0,0,0,3,1,3,0,0,88,Round of 32,TEJERA Gustavo (URU),12524,https://fdp.fifa.org/assetspublic/ce281/r12524/pdf/FullTimeMatchReport-English.pdf,3,3,2.142857142857143,10.5,2.25
Paraguay,PAR,France,FRA,left,0,1,24,5,1,1,13,11,2,10,0,0,0,0,0,1,0,0,89,Round of 16,TANTASHEV Ilgiz (UZB),12542,https://fdp.fifa.org/assetspublic/ce281/r12542/pdf/FullTimeMatchReport-English.pdf,1,1,0.7692307692307693,13.0,1.0
France,FRA,Paraguay,PAR,right,1,0,76,15,5,1,11,13,12,12,0,1,1,0,0,3,0,0,89,Round of 16,TANTASHEV Ilgiz (UZB),12542,https://fdp.fifa.org/assetspublic/ce281/r12542/pdf/FullTimeMatchReport-English.pdf,3,3,2.727272727272727,11.0,3.0
Canada,CAN,Morocco,MAR,left,0,3,42,10,3,5,24,14,11,14,3,0,0,2,0,4,0,0,90,Round of 16,OLIVER Michael (ENG),12539,https://fdp.fifa.org/assetspublic/ce281/r12539/pdf/FullTimeMatchReport-English.pdf,4,4,1.6666666666666667,24.0,4.0
Morocco,MAR,Canada,CAN,right,3,0,58,5,4,0,14,24,1,24,2,0,0,3,0,4,0,0,90,Round of 16,OLIVER Michael (ENG),12539,https://fdp.fifa.org/assetspublic/ce281/r12539/pdf/FullTimeMatchReport-English.pdf,4,4,2.857142857142857,14.0,4.0
Brazil,BRA,Norway,NOR,left,1,2,35,14,4,5,7,6,5,4,1,2,1,1,0,1,0,0,91,Round of 16,ELFATH Ismail (USA),12541,https://fdp.fifa.org/assetspublic/ce281/r12541/pdf/FullTimeMatchReport-English.pdf,1,1,1.4285714285714286,7.0,1.0
Norway,NOR,Brazil,BRA,right,2,1,65,9,5,0,6,7,5,7,1,0,0,1,0,0,0,0,91,Round of 16,ELFATH Ismail (USA),12541,https://fdp.fifa.org/assetspublic/ce281/r12541/pdf/FullTimeMatchReport-English.pdf,0,0,0.0,6.0,0.0
Mexico,MEX,England,ENG,left,2,3,65,20,5,7,14,7,12,6,0,1,1,1,0,2,0,0,92,Round of 16,FAGHANI Alireza (AUS),12540,https://fdp.fifa.org/assetspublic/ce281/r12540/pdf/FullTimeMatchReport-English.pdf,2,2,1.4285714285714286,14.0,2.0
England,ENG,Mexico,MEX,right,3,2,35,6,5,0,7,14,2,11,2,1,1,0,0,4,0,1,92,Round of 16,FAGHANI Alireza (AUS),12540,https://fdp.fifa.org/assetspublic/ce281/r12540/pdf/FullTimeMatchReport-English.pdf,5,8,7.142857142857143,7.0,5.0
Portugal,POR,Spain,ESP,left,0,1,45,10,2,2,9,13,3,13,1,0,0,2,0,2,0,0,93,Round of 16,TAYLOR Anthony (ENG),12538,https://fdp.fifa.org/assetspublic/ce281/r12538/pdf/FullTimeMatchReport-English.pdf,2,2,2.2222222222222223,9.0,2.0
Spain,ESP,Portugal,POR,right,1,0,55,15,6,0,13,9,7,9,2,0,0,1,0,1,0,0,93,Round of 16,TAYLOR Anthony (ENG),12538,https://fdp.fifa.org/assetspublic/ce281/r12538/pdf/FullTimeMatchReport-English.pdf,1,1,0.7692307692307693,13.0,1.0
USA,USA,Belgium,BEL,left,1,4,57,7,2,0,11,9,3,9,1,0,0,0,0,2,0,0,94,Round of 16,MAKHADMEH Adham (JOR),12543,https://fdp.fifa.org/assetspublic/ce281/r12543/pdf/FullTimeMatchReport-English.pdf,2,2,1.8181818181818181,11.0,2.0
Belgium,BEL,USA,USA,right,4,1,43,15,7,4,9,11,5,11,0,0,0,1,0,0,0,0,94,Round of 16,MAKHADMEH Adham (JOR),12543,https://fdp.fifa.org/assetspublic/ce281/r12543/pdf/FullTimeMatchReport-English.pdf,0,0,0.0,9.0,0.0
Argentina,ARG,Egypt,EGY,left,3,2,62,19,7,5,13,11,6,10,0,1,0,3,0,0,0,0,95,Round of 16,LETEXIER Francois (FRA),12537,https://fdp.fifa.org/assetspublic/ce281/r12537/pdf/FullTimeMatchReport-English.pdf,0,0,0.0,13.0,0.0
Egypt,EGY,Argentina,ARG,right,2,3,38,5,2,1,11,13,1,13,3,0,0,0,0,6,0,1,95,Round of 16,LETEXIER Francois (FRA),12537,https://fdp.fifa.org/assetspublic/ce281/r12537/pdf/FullTimeMatchReport-English.pdf,7,10,6.363636363636363,11.0,7.0
Switzerland,SUI,Colombia,COL,left,0,0,54,7,2,1,22,21,3,22,3,0,0,5,0,3,0,0,96,Round of 16,BARTON Ivan (SLV),12544,https://fdp.fifa.org/assetspublic/ce281/r12544/pdf/FullTimeMatchReport-English.pdf,3,3,1.3636363636363635,16.5,2.25
Colombia,COL,Switzerland,SUI,right,0,0,46,15,3,3,21,22,7,22,5,0,0,4,0,3,0,0,96,Round of 16,BARTON Ivan (SLV),12544,https://fdp.fifa.org/assetspublic/ce281/r12544/pdf/FullTimeMatchReport-English.pdf,3,3,1.4285714285714286,15.75,2.25
France,FRA,Morocco,MAR,left,2,0,49,22,8,4,10,13,5,12,0,1,0,0,0,0,0,0,97,Quarter-final,TELLO Facundo (ARG),12545,https://fdp.fifa.org/assetspublic/ce281/r12545/pdf/FullTimeMatchReport-English.pdf,0,0,0.0,10.0,0.0
Morocco,MAR,France,FRA,right,0,2,51,5,1,1,13,10,5,10,0,0,0,0,0,1,0,0,97,Quarter-final,TELLO Facundo (ARG),12545,https://fdp.fifa.org/assetspublic/ce281/r12545/pdf/FullTimeMatchReport-English.pdf,1,1,0.7692307692307693,13.0,1.0
Spain,ESP,Belgium,BEL,left,2,1,68,17,8,4,13,18,5,18,1,0,0,3,0,2,0,0,98,Quarter-final,OLIVER Michael (ENG),12547,https://fdp.fifa.org/assetspublic/ce281/r12547/pdf/FullTimeMatchReport-English.pdf,2,2,1.5384615384615385,13.0,2.0
Belgium,BEL,Spain,ESP,right,1,2,32,5,2,2,18,13,1,13,3,0,0,1,0,2,0,0,98,Quarter-final,OLIVER Michael (ENG),12547,https://fdp.fifa.org/assetspublic/ce281/r12547/pdf/FullTimeMatchReport-English.pdf,2,2,1.1111111111111112,18.0,2.0
Norway,NOR,England,ENG,left,1,2,46,13,4,3,10,8,7,8,4,0,0,1,0,1,0,0,99,Quarter-final,TURPIN Clement (FRA),12548,https://fdp.fifa.org/assetspublic/ce281/r12548/pdf/FullTimeMatchReport-English.pdf,1,1,1.0,7.5,0.75
England,ENG,Norway,NOR,right,2,1,54,14,7,2,8,10,4,10,1,0,0,5,0,0,0,0,99,Quarter-final,TURPIN Clement (FRA),12548,https://fdp.fifa.org/assetspublic/ce281/r12548/pdf/FullTimeMatchReport-English.pdf,0,0,0.0,6.0,0.0
Argentina,ARG,Switzerland,SUI,left,3,1,59,22,7,4,14,18,8,18,3,0,0,4,0,3,0,0,100,Quarter-final,PINHEIRO Joao (POR),12546,https://fdp.fifa.org/assetspublic/ce281/r12546/pdf/FullTimeMatchReport-English.pdf,3,3,2.142857142857143,10.5,2.25
Switzerland,SUI,Argentina,ARG,right,1,3,41,11,5,3,18,14,2,13,4,0,0,3,0,2,1,0,100,Quarter-final,PINHEIRO Joao (POR),12546,https://fdp.fifa.org/assetspublic/ce281/r12546/pdf/FullTimeMatchReport-English.pdf,3,5,1.6666666666666667,13.5,2.25
France,FRA,Spain,ESP,left,0,2,49,10,3,1,11,12,7,12,5,0,0,4,0,2,0,0,101,Semi-final,BARTON Ivan (SLV),12550,https://fdp.fifa.org/assetspublic/ce281/r12550/pdf/FullTimeMatchReport-English.pdf,2,2,1.8181818181818181,11.0,2.0
Spain,ESP,France,FRA,right,2,0,51,10,2,2,12,11,1,10,4,1,1,5,0,1,0,0,101,Semi-final,BARTON Ivan (SLV),12550,https://fdp.fifa.org/assetspublic/ce281/r12550/pdf/FullTimeMatchReport-English.pdf,1,1,0.8333333333333334,12.0,1.0
England,ENG,Argentina,ARG,left,1,2,37,5,2,2,11,15,1,15,3,0,0,1,0,1,0,0,102,Semi-final,ELFATH Ismail (USA),12549,https://fdp.fifa.org/assetspublic/ce281/r12549/pdf/FullTimeMatchReport-English.pdf,1,1,0.9090909090909091,11.0,1.0
Argentina,ARG,England,ENG,right,2,1,63,14,5,2,15,11,6,11,1,0,0,3,0,3,0,0,102,Semi-final,ELFATH Ismail (USA),12549,https://fdp.fifa.org/assetspublic/ce281/r12549/pdf/FullTimeMatchReport-English.pdf,3,3,2.0,15.0,3.0
France,FRA,England,ENG,left,4,6,46,19,9,2,14,8,3,7,3,0,0,3,0,0,0,0,103,Bronze final,VALENZUELA Jesus (VEN),12551,https://fdp.fifa.org/assetspublic/ce281/r12551/pdf/FullTimeMatchReport-English.pdf,0,0,0.0,14.0,0.0
England,ENG,France,FRA,right,6,4,54,19,11,4,8,14,4,13,3,1,1,3,0,0,0,0,103,Bronze final,VALENZUELA Jesus (VEN),12551,https://fdp.fifa.org/assetspublic/ce281/r12551/pdf/FullTimeMatchReport-English.pdf,0,0,0.0,8.0,0.0
