match_number,stage,left_team,left_code,right_team,right_code,left_goals,right_goals,total_goals,half_time_total_goals,went_to_extra_time,penalty_shootout,match_duration_minutes,referee,total_fouls,total_yellow_cards,total_second_yellow_reds,total_direct_reds,total_card_events,fair_play_penalty_points,cards_per_10_fouls,asset_id,source_url
1,Group stage,Mexico,MEX,South Africa,RSA,2,0,2,1,False,False,90,SAMPAIO Wilton (BRA),23,3,0,3,6,15,2.608695652173913,12452,https://fdp.fifa.org/assetspublic/ce281/r12452/pdf/FullTimeMatchReport-English.pdf
2,Group stage,Korea Republic,KOR,Czechia,CZE,2,1,3,0,False,False,90,MOHAMED Amin (EGY),25,1,0,0,1,1,0.4,12450,https://fdp.fifa.org/assetspublic/ce281/r12450/pdf/FullTimeMatchReport-English.pdf
3,Group stage,Canada,CAN,Bosnia and Herzegovina,BIH,1,1,2,1,False,False,90,TELLO Facundo (ARG),30,5,0,0,5,5,1.6666666666666667,12458,https://fdp.fifa.org/assetspublic/ce281/r12458/pdf/FullTimeMatchReport-English.pdf
4,Group stage,USA,USA,Paraguay,PAR,4,1,5,3,False,False,90,MAKKELIE Danny (NED),30,6,0,0,6,6,2.0,12467,https://fdp.fifa.org/assetspublic/ce281/r12467/pdf/FullTimeMatchReport-English.pdf
5,Group stage,Haiti,HAI,Scotland,SCO,0,1,1,1,False,False,90,GHORBAL Mustapha (ALG),44,4,0,0,4,4,0.9090909090909091,12462,https://fdp.fifa.org/assetspublic/ce281/r12462/pdf/FullTimeMatchReport-English.pdf
6,Group stage,Australia,AUS,Türkiye,TUR,2,0,2,1,False,False,90,VALENZUELA Jesus (VEN),16,1,0,0,1,1,0.625,12472,https://fdp.fifa.org/assetspublic/ce281/r12472/pdf/FullTimeMatchReport-English.pdf
7,Group stage,Brazil,BRA,Morocco,MAR,1,1,2,2,False,False,90,VINCIC Slavko (SVN),30,2,0,0,2,2,0.6666666666666666,12465,https://fdp.fifa.org/assetspublic/ce281/r12465/pdf/FullTimeMatchReport-English.pdf
8,Group stage,Qatar,QAT,Switzerland,SUI,1,1,2,1,False,False,90,MARTINEZ Said (HON),23,3,0,0,3,3,1.3043478260869565,12456,https://fdp.fifa.org/assetspublic/ce281/r12456/pdf/FullTimeMatchReport-English.pdf
9,Group stage,Côte d'Ivoire,CIV,Ecuador,ECU,1,0,1,0,False,False,90,LETEXIER Francois (FRA),23,4,0,0,4,4,1.7391304347826086,12476,https://fdp.fifa.org/assetspublic/ce281/r12476/pdf/FullTimeMatchReport-English.pdf
10,Group stage,Germany,GER,Curaçao,CUW,7,1,8,4,False,False,90,JAYED Jalal (MAR),29,0,0,0,0,0,0.0,12473,https://fdp.fifa.org/assetspublic/ce281/r12473/pdf/FullTimeMatchReport-English.pdf
11,Group stage,Netherlands,NED,Japan,JPN,2,2,4,0,False,False,90,ELFATH Ismail (USA),14,3,0,0,3,3,2.142857142857143,12480,https://fdp.fifa.org/assetspublic/ce281/r12480/pdf/FullTimeMatchReport-English.pdf
12,Group stage,Sweden,SWE,Tunisia,TUN,5,1,6,3,False,False,90,FALCON PEREZ Yael (ARG),18,1,0,0,1,1,0.5555555555555556,12484,https://fdp.fifa.org/assetspublic/ce281/r12484/pdf/FullTimeMatchReport-English.pdf
13,Group stage,Saudi Arabia,KSA,Uruguay,URU,1,1,2,1,False,False,90,MARIANI Maurizio (ITA),17,1,0,0,1,1,0.5882352941176471,12495,https://fdp.fifa.org/assetspublic/ce281/r12495/pdf/FullTimeMatchReport-English.pdf
14,Group stage,Spain,ESP,Cabo Verde,CPV,0,0,0,0,False,False,90,MAKHADMEH Adham (JOR),11,2,0,0,2,2,1.8181818181818181,12492,https://fdp.fifa.org/assetspublic/ce281/r12492/pdf/FullTimeMatchReport-English.pdf
15,Group stage,IR Iran,IRN,New Zealand,NZL,2,2,4,2,False,False,90,RAMOS Cesar (MEX),18,1,0,0,1,1,0.5555555555555556,12485,https://fdp.fifa.org/assetspublic/ce281/r12485/pdf/FullTimeMatchReport-English.pdf
16,Group stage,Belgium,BEL,Egypt,EGY,1,1,2,1,False,False,90,ABATTI Ramon (BRA),30,4,0,0,4,4,1.3333333333333333,12488,https://fdp.fifa.org/assetspublic/ce281/r12488/pdf/FullTimeMatchReport-English.pdf
17,Group stage,France,FRA,Senegal,SEN,3,1,4,0,False,False,90,FAGHANI Alireza (AUS),14,0,0,0,0,0,0.0,12499,https://fdp.fifa.org/assetspublic/ce281/r12499/pdf/FullTimeMatchReport-English.pdf
18,Group stage,Iraq,IRQ,Norway,NOR,1,4,5,3,False,False,90,ATCHO Pierre (GAB),25,1,0,0,1,1,0.4,12497,https://fdp.fifa.org/assetspublic/ce281/r12497/pdf/FullTimeMatchReport-English.pdf
19,Group stage,Argentina,ARG,Algeria,ALG,3,0,3,1,False,False,90,MARCINIAK Szymon (POL),21,0,0,0,0,0,0.0,12506,https://fdp.fifa.org/assetspublic/ce281/r12506/pdf/FullTimeMatchReport-English.pdf
20,Group stage,Austria,AUT,Jordan,JOR,3,1,4,1,False,False,90,BEIDA Dahane (MTN),19,1,0,0,1,1,0.5263157894736842,12508,https://fdp.fifa.org/assetspublic/ce281/r12508/pdf/FullTimeMatchReport-English.pdf
21,Group stage,Ghana,GHA,Panama,PAN,1,0,1,0,False,False,90,NYBERG Glenn (SWE),20,3,0,0,3,3,1.5,12519,https://fdp.fifa.org/assetspublic/ce281/r12519/pdf/FullTimeMatchReport-English.pdf
22,Group stage,England,ENG,Croatia,CRO,4,2,6,4,False,False,90,TURPIN Clement (FRA),22,0,0,0,0,0,0.0,12516,https://fdp.fifa.org/assetspublic/ce281/r12516/pdf/FullTimeMatchReport-English.pdf
23,Group stage,Portugal,POR,Congo DR,COD,1,1,2,2,False,False,90,ALJASSIM Abdulrahman (QAT),19,4,0,0,4,4,2.1052631578947367,12511,https://fdp.fifa.org/assetspublic/ce281/r12511/pdf/FullTimeMatchReport-English.pdf
24,Group stage,Uzbekistan,UZB,Colombia,COL,1,3,4,1,False,False,90,TAYLOR Anthony (ENG),25,2,0,0,2,2,0.8,12513,https://fdp.fifa.org/assetspublic/ce281/r12513/pdf/FullTimeMatchReport-English.pdf
25,Group stage,Czechia,CZE,South Africa,RSA,1,1,2,1,False,False,90,PENSO Tori (USA),22,3,0,0,3,3,1.3636363636363635,12449,https://fdp.fifa.org/assetspublic/ce281/r12449/pdf/FullTimeMatchReport-English.pdf
26,Group stage,Switzerland,SUI,Bosnia and Herzegovina,BIH,4,1,5,0,False,False,90,PINHEIRO Joao (POR),25,3,0,1,4,7,1.6,12455,https://fdp.fifa.org/assetspublic/ce281/r12455/pdf/FullTimeMatchReport-English.pdf
27,Group stage,Canada,CAN,Qatar,QAT,6,0,6,3,False,False,90,GARAY Cristian (CHI),19,2,0,2,4,10,2.1052631578947367,12459,https://fdp.fifa.org/assetspublic/ce281/r12459/pdf/FullTimeMatchReport-English.pdf
28,Group stage,Mexico,MEX,Korea Republic,KOR,1,0,1,0,False,False,90,TEJERA Gustavo (URU),16,2,0,0,2,2,1.25,12451,https://fdp.fifa.org/assetspublic/ce281/r12451/pdf/FullTimeMatchReport-English.pdf
29,Group stage,Brazil,BRA,Haiti,HAI,3,0,3,3,False,False,90,HERNANDEZ Alejandro (ESP),28,4,0,0,4,4,1.4285714285714286,12466,https://fdp.fifa.org/assetspublic/ce281/r12466/pdf/FullTimeMatchReport-English.pdf
30,Group stage,Scotland,SCO,Morocco,MAR,0,1,1,1,False,False,90,TANTASHEV Ilgiz (UZB),19,2,0,0,2,2,1.0526315789473684,12463,https://fdp.fifa.org/assetspublic/ce281/r12463/pdf/FullTimeMatchReport-English.pdf
31,Group stage,Türkiye,TUR,Paraguay,PAR,0,1,1,1,False,False,90,BARTON Ivan (SLV),29,4,0,1,5,8,1.7241379310344827,12470,https://fdp.fifa.org/assetspublic/ce281/r12470/pdf/FullTimeMatchReport-English.pdf
32,Group stage,USA,USA,Australia,AUS,2,0,2,2,False,False,90,ZWAYER Felix (GER),28,7,0,0,7,7,2.5,12471,https://fdp.fifa.org/assetspublic/ce281/r12471/pdf/FullTimeMatchReport-English.pdf
33,Group stage,Germany,GER,Côte d'Ivoire,CIV,2,1,3,1,False,False,90,BENITEZ Juan Gabriel (PAR),12,0,0,0,0,0,0.0,12478,https://fdp.fifa.org/assetspublic/ce281/r12478/pdf/FullTimeMatchReport-English.pdf
34,Group stage,Ecuador,ECU,Curaçao,CUW,0,0,0,0,False,False,90,MA Ning (CHN),17,6,0,0,6,6,3.5294117647058822,12474,https://fdp.fifa.org/assetspublic/ce281/r12474/pdf/FullTimeMatchReport-English.pdf
35,Group stage,Netherlands,NED,Sweden,SWE,5,1,6,2,False,False,90,OLIVER Michael (ENG),21,3,0,0,3,3,1.4285714285714286,12481,https://fdp.fifa.org/assetspublic/ce281/r12481/pdf/FullTimeMatchReport-English.pdf
36,Group stage,Tunisia,TUN,Japan,JPN,0,4,4,2,False,False,90,KOVACS Istvan (ROU),23,0,0,0,0,0,0.0,12483,https://fdp.fifa.org/assetspublic/ce281/r12483/pdf/FullTimeMatchReport-English.pdf
37,Group stage,Uruguay,URU,Cabo Verde,CPV,2,2,4,3,False,False,90,ESKAS Espen (NOR),15,4,0,0,4,4,2.6666666666666665,12496,https://fdp.fifa.org/assetspublic/ce281/r12496/pdf/FullTimeMatchReport-English.pdf
38,Group stage,Spain,ESP,Saudi Arabia,KSA,4,0,4,3,False,False,90,CLAUS Raphael (BRA),12,2,0,0,2,2,1.6666666666666667,12491,https://fdp.fifa.org/assetspublic/ce281/r12491/pdf/FullTimeMatchReport-English.pdf
39,Group stage,Belgium,BEL,IR Iran,IRN,0,0,0,0,False,False,90,HERRERA Dario (ARG),16,2,0,1,3,6,1.875,12486,https://fdp.fifa.org/assetspublic/ce281/r12486/pdf/FullTimeMatchReport-English.pdf
40,Group stage,New Zealand,NZL,Egypt,EGY,1,3,4,1,False,False,90,ALALI Omar (UAE),22,3,0,0,3,3,1.3636363636363635,12489,https://fdp.fifa.org/assetspublic/ce281/r12489/pdf/FullTimeMatchReport-English.pdf
41,Group stage,Norway,NOR,Senegal,SEN,3,2,5,1,False,False,90,SAMPAIO Wilton (BRA),18,0,0,0,0,0,0.0,12500,https://fdp.fifa.org/assetspublic/ce281/r12500/pdf/FullTimeMatchReport-English.pdf
42,Group stage,France,FRA,Iraq,IRQ,3,0,3,1,False,False,90,FISCHER Drew (CAN),12,1,0,0,1,1,0.8333333333333334,12501,https://fdp.fifa.org/assetspublic/ce281/r12501/pdf/FullTimeMatchReport-English.pdf
43,Group stage,Argentina,ARG,Austria,AUT,2,0,2,1,False,False,90,MOHAMED Amin (EGY),26,4,0,0,4,4,1.5384615384615385,12504,https://fdp.fifa.org/assetspublic/ce281/r12504/pdf/FullTimeMatchReport-English.pdf
44,Group stage,Jordan,JOR,Algeria,ALG,1,2,3,1,False,False,90,VINCIC Slavko (SVN),17,2,0,0,2,2,1.1764705882352942,12507,https://fdp.fifa.org/assetspublic/ce281/r12507/pdf/FullTimeMatchReport-English.pdf
45,Group stage,England,ENG,Ghana,GHA,0,0,0,0,False,False,90,MARTINEZ Said (HON),38,2,0,0,2,2,0.5263157894736842,12515,https://fdp.fifa.org/assetspublic/ce281/r12515/pdf/FullTimeMatchReport-English.pdf
46,Group stage,Panama,PAN,Croatia,CRO,0,1,1,0,False,False,90,ATCHO Pierre (GAB),31,2,0,0,2,2,0.6451612903225806,12520,https://fdp.fifa.org/assetspublic/ce281/r12520/pdf/FullTimeMatchReport-English.pdf
47,Group stage,Portugal,POR,Uzbekistan,UZB,5,0,5,3,False,False,90,JAYED Jalal (MAR),30,2,0,0,2,2,0.6666666666666666,12512,https://fdp.fifa.org/assetspublic/ce281/r12512/pdf/FullTimeMatchReport-English.pdf
48,Group stage,Colombia,COL,Congo DR,COD,1,0,1,0,False,False,90,MARIANI Maurizio (ITA),28,3,0,0,3,3,1.0714285714285714,12510,https://fdp.fifa.org/assetspublic/ce281/r12510/pdf/FullTimeMatchReport-English.pdf
49,Group stage,Scotland,SCO,Brazil,BRA,0,3,3,2,False,False,90,RAMOS Cesar (MEX),21,3,0,0,3,3,1.4285714285714286,12464,https://fdp.fifa.org/assetspublic/ce281/r12464/pdf/FullTimeMatchReport-English.pdf
50,Group stage,Morocco,MAR,Haiti,HAI,4,2,6,4,False,False,90,MAKKELIE Danny (NED),28,3,0,0,3,3,1.0714285714285714,12461,https://fdp.fifa.org/assetspublic/ce281/r12461/pdf/FullTimeMatchReport-English.pdf
51,Group stage,Switzerland,SUI,Canada,CAN,2,1,3,0,False,False,90,ABATTI Ramon (BRA),32,3,0,0,3,3,0.9375,12460,https://fdp.fifa.org/assetspublic/ce281/r12460/pdf/FullTimeMatchReport-English.pdf
52,Group stage,Bosnia and Herzegovina,BIH,Qatar,QAT,3,1,4,3,False,False,90,VALENZUELA Jesus (VEN),23,2,0,0,2,2,0.8695652173913043,12457,https://fdp.fifa.org/assetspublic/ce281/r12457/pdf/FullTimeMatchReport-English.pdf
53,Group stage,Czechia,CZE,Mexico,MEX,0,3,3,0,False,False,90,FALCON PEREZ Yael (ARG),22,1,0,0,1,1,0.45454545454545453,12453,https://fdp.fifa.org/assetspublic/ce281/r12453/pdf/FullTimeMatchReport-English.pdf
54,Group stage,South Africa,RSA,Korea Republic,KOR,1,0,1,0,False,False,90,TELLO Facundo (ARG),16,2,0,0,2,2,1.25,12454,https://fdp.fifa.org/assetspublic/ce281/r12454/pdf/FullTimeMatchReport-English.pdf
55,Group stage,Curaçao,CUW,Côte d'Ivoire,CIV,0,2,2,1,False,False,90,NYBERG Glenn (SWE),17,3,0,0,3,3,1.7647058823529411,12477,https://fdp.fifa.org/assetspublic/ce281/r12477/pdf/FullTimeMatchReport-English.pdf
56,Group stage,Ecuador,ECU,Germany,GER,2,1,3,2,False,False,90,PENSO Tori (USA),25,4,0,0,4,4,1.6,12475,https://fdp.fifa.org/assetspublic/ce281/r12475/pdf/FullTimeMatchReport-English.pdf
57,Group stage,Japan,JPN,Sweden,SWE,1,1,2,0,False,False,90,BARTON Ivan (SLV),31,3,0,0,3,3,0.967741935483871,12479,https://fdp.fifa.org/assetspublic/ce281/r12479/pdf/FullTimeMatchReport-English.pdf
58,Group stage,Tunisia,TUN,Netherlands,NED,1,3,4,2,False,False,90,GARCIA Katia (MEX),21,0,0,0,0,0,0.0,12482,https://fdp.fifa.org/assetspublic/ce281/r12482/pdf/FullTimeMatchReport-English.pdf
59,Group stage,Türkiye,TUR,USA,USA,3,2,5,3,False,False,90,GHORBAL Mustapha (ALG),26,1,0,0,1,1,0.38461538461538464,12468,https://fdp.fifa.org/assetspublic/ce281/r12468/pdf/FullTimeMatchReport-English.pdf
60,Group stage,Paraguay,PAR,Australia,AUS,0,0,0,0,False,False,90,TURPIN Clement (FRA),15,2,0,0,2,2,1.3333333333333333,12469,https://fdp.fifa.org/assetspublic/ce281/r12469/pdf/FullTimeMatchReport-English.pdf
61,Group stage,Norway,NOR,France,FRA,1,4,5,4,False,False,90,OLIVER Michael (ENG),20,2,0,0,2,2,1.0,12498,https://fdp.fifa.org/assetspublic/ce281/r12498/pdf/FullTimeMatchReport-English.pdf
62,Group stage,Senegal,SEN,Iraq,IRQ,5,0,5,1,False,False,90,TAYLOR Anthony (ENG),21,4,0,1,5,8,2.380952380952381,12502,https://fdp.fifa.org/assetspublic/ce281/r12502/pdf/FullTimeMatchReport-English.pdf
63,Group stage,Egypt,EGY,IR Iran,IRN,1,1,2,2,False,False,90,MARCINIAK Szymon (POL),27,7,0,0,7,7,2.5925925925925926,12487,https://fdp.fifa.org/assetspublic/ce281/r12487/pdf/FullTimeMatchReport-English.pdf
64,Group stage,New Zealand,NZL,Belgium,BEL,1,5,6,1,False,False,90,MAKHADMEH Adham (JOR),17,2,0,0,2,2,1.1764705882352942,12490,https://fdp.fifa.org/assetspublic/ce281/r12490/pdf/FullTimeMatchReport-English.pdf
65,Group stage,Cabo Verde,CPV,Saudi Arabia,KSA,0,0,0,0,False,False,90,LETEXIER Francois (FRA),26,4,0,0,4,4,1.5384615384615385,12494,https://fdp.fifa.org/assetspublic/ce281/r12494/pdf/FullTimeMatchReport-English.pdf
66,Group stage,Uruguay,URU,Spain,ESP,0,1,1,1,False,False,90,ELFATH Ismail (USA),28,4,0,1,5,8,1.7857142857142858,12493,https://fdp.fifa.org/assetspublic/ce281/r12493/pdf/FullTimeMatchReport-English.pdf
67,Group stage,Panama,PAN,England,ENG,0,2,2,0,False,False,90,ALJASSIM Abdulrahman (QAT),29,3,0,0,3,3,1.0344827586206897,12517,https://fdp.fifa.org/assetspublic/ce281/r12517/pdf/FullTimeMatchReport-English.pdf
68,Group stage,Croatia,CRO,Ghana,GHA,2,1,3,1,False,False,90,FISCHER Drew (CAN),22,2,0,0,2,2,0.9090909090909091,12518,https://fdp.fifa.org/assetspublic/ce281/r12518/pdf/FullTimeMatchReport-English.pdf
69,Group stage,Algeria,ALG,Austria,AUT,3,3,6,2,False,False,90,TANTASHEV Ilgiz (UZB),10,1,0,0,1,1,1.0,12505,https://fdp.fifa.org/assetspublic/ce281/r12505/pdf/FullTimeMatchReport-English.pdf
70,Group stage,Jordan,JOR,Argentina,ARG,1,3,4,2,False,False,90,KOVACS Istvan (ROU),20,3,0,0,3,3,1.5,12503,https://fdp.fifa.org/assetspublic/ce281/r12503/pdf/FullTimeMatchReport-English.pdf
71,Group stage,Colombia,COL,Portugal,POR,0,0,0,0,False,False,90,FAGHANI Alireza (AUS),18,1,0,0,1,1,0.5555555555555556,12514,https://fdp.fifa.org/assetspublic/ce281/r12514/pdf/FullTimeMatchReport-English.pdf
72,Group stage,Congo DR,COD,Uzbekistan,UZB,3,1,4,1,False,False,90,ZWAYER Felix (GER),22,5,0,0,5,5,2.272727272727273,12509,https://fdp.fifa.org/assetspublic/ce281/r12509/pdf/FullTimeMatchReport-English.pdf
73,Round of 32,South Africa,RSA,Canada,CAN,0,1,1,0,False,False,90,PINHEIRO Joao (POR),26,2,0,0,2,2,0.7692307692307693,12527,https://fdp.fifa.org/assetspublic/ce281/r12527/pdf/FullTimeMatchReport-English.pdf
74,Round of 32,Germany,GER,Paraguay,PAR,1,1,2,0,True,True,120,JAYED Jalal (MAR),30,8,0,0,8,8,2.6666666666666665,12522,https://fdp.fifa.org/assetspublic/ce281/r12522/pdf/FullTimeMatchReport-English.pdf
75,Round of 32,Netherlands,NED,Morocco,MAR,1,1,2,0,True,True,120,SAMPAIO Wilton (BRA),33,1,0,0,1,1,0.30303030303030304,12531,https://fdp.fifa.org/assetspublic/ce281/r12531/pdf/FullTimeMatchReport-English.pdf
76,Round of 32,Brazil,BRA,Japan,JPN,2,1,3,1,False,False,90,MARIANI Maurizio (ITA),17,5,0,0,5,5,2.9411764705882355,12525,https://fdp.fifa.org/assetspublic/ce281/r12525/pdf/FullTimeMatchReport-English.pdf
77,Round of 32,France,FRA,Sweden,SWE,3,0,3,1,False,False,90,MAKKELIE Danny (NED),24,0,0,0,0,0,0.0,12532,https://fdp.fifa.org/assetspublic/ce281/r12532/pdf/FullTimeMatchReport-English.pdf
78,Round of 32,Côte d'Ivoire,CIV,Norway,NOR,1,2,3,1,False,False,90,VALENZUELA Jesus (VEN),13,1,0,0,1,1,0.7692307692307693,12523,https://fdp.fifa.org/assetspublic/ce281/r12523/pdf/FullTimeMatchReport-English.pdf
79,Round of 32,Mexico,MEX,Ecuador,ECU,2,0,2,2,False,False,90,VINCIC Slavko (SVN),24,3,0,1,4,7,1.6666666666666667,12529,https://fdp.fifa.org/assetspublic/ce281/r12529/pdf/FullTimeMatchReport-English.pdf
80,Round of 32,England,ENG,Congo DR,COD,2,1,3,1,False,False,90,MAKHADMEH Adham (JOR),22,2,0,0,2,2,0.9090909090909091,12521,https://fdp.fifa.org/assetspublic/ce281/r12521/pdf/FullTimeMatchReport-English.pdf
81,Round of 32,USA,USA,Bosnia and Herzegovina,BIH,2,0,2,1,False,False,90,CLAUS Raphael (BRA),20,2,0,1,3,6,1.5,12533,https://fdp.fifa.org/assetspublic/ce281/r12533/pdf/FullTimeMatchReport-English.pdf
82,Round of 32,Belgium,BEL,Senegal,SEN,3,2,5,0,True,False,120,MARTINEZ Said (HON),34,3,0,0,3,3,0.8823529411764706,12534,https://fdp.fifa.org/assetspublic/ce281/r12534/pdf/FullTimeMatchReport-English.pdf
83,Round of 32,Portugal,POR,Croatia,CRO,2,1,3,0,False,False,90,ESKAS Espen (NOR),18,3,0,0,3,3,1.6666666666666667,12535,https://fdp.fifa.org/assetspublic/ce281/r12535/pdf/FullTimeMatchReport-English.pdf
84,Round of 32,Spain,ESP,Austria,AUT,3,0,3,1,False,False,90,NYBERG Glenn (SWE),23,1,0,0,1,1,0.43478260869565216,12528,https://fdp.fifa.org/assetspublic/ce281/r12528/pdf/FullTimeMatchReport-English.pdf
85,Round of 32,Switzerland,SUI,Algeria,ALG,2,0,2,1,False,False,90,FALCON PEREZ Yael (ARG),22,2,0,0,2,2,0.9090909090909091,12536,https://fdp.fifa.org/assetspublic/ce281/r12536/pdf/FullTimeMatchReport-English.pdf
86,Round of 32,Argentina,ARG,Cabo Verde,CPV,3,2,5,0,True,False,120,FISCHER Drew (CAN),25,2,0,0,2,2,0.8,12530,https://fdp.fifa.org/assetspublic/ce281/r12530/pdf/FullTimeMatchReport-English.pdf
87,Round of 32,Colombia,COL,Ghana,GHA,1,0,1,1,False,False,90,TURPIN Clement (FRA),24,5,0,0,5,5,2.0833333333333335,12526,https://fdp.fifa.org/assetspublic/ce281/r12526/pdf/FullTimeMatchReport-English.pdf
88,Round of 32,Australia,AUS,Egypt,EGY,1,1,2,0,True,True,120,TEJERA Gustavo (URU),26,3,0,0,3,3,1.1538461538461537,12524,https://fdp.fifa.org/assetspublic/ce281/r12524/pdf/FullTimeMatchReport-English.pdf
89,Round of 16,Paraguay,PAR,France,FRA,0,1,1,0,False,False,90,TANTASHEV Ilgiz (UZB),24,4,0,0,4,4,1.6666666666666667,12542,https://fdp.fifa.org/assetspublic/ce281/r12542/pdf/FullTimeMatchReport-English.pdf
90,Round of 16,Canada,CAN,Morocco,MAR,0,3,3,0,False,False,90,OLIVER Michael (ENG),38,8,0,0,8,8,2.1052631578947367,12539,https://fdp.fifa.org/assetspublic/ce281/r12539/pdf/FullTimeMatchReport-English.pdf
91,Round of 16,Brazil,BRA,Norway,NOR,1,2,3,0,False,False,90,ELFATH Ismail (USA),13,1,0,0,1,1,0.7692307692307693,12541,https://fdp.fifa.org/assetspublic/ce281/r12541/pdf/FullTimeMatchReport-English.pdf
92,Round of 16,Mexico,MEX,England,ENG,2,3,5,3,False,False,90,FAGHANI Alireza (AUS),21,6,0,1,7,10,3.3333333333333335,12540,https://fdp.fifa.org/assetspublic/ce281/r12540/pdf/FullTimeMatchReport-English.pdf
93,Round of 16,Portugal,POR,Spain,ESP,0,1,1,0,False,False,90,TAYLOR Anthony (ENG),22,3,0,0,3,3,1.3636363636363635,12538,https://fdp.fifa.org/assetspublic/ce281/r12538/pdf/FullTimeMatchReport-English.pdf
94,Round of 16,USA,USA,Belgium,BEL,1,4,5,3,False,False,90,MAKHADMEH Adham (JOR),20,2,0,0,2,2,1.0,12543,https://fdp.fifa.org/assetspublic/ce281/r12543/pdf/FullTimeMatchReport-English.pdf
95,Round of 16,Argentina,ARG,Egypt,EGY,3,2,5,1,False,False,90,LETEXIER Francois (FRA),24,6,0,1,7,10,2.9166666666666665,12537,https://fdp.fifa.org/assetspublic/ce281/r12537/pdf/FullTimeMatchReport-English.pdf
96,Round of 16,Switzerland,SUI,Colombia,COL,0,0,0,0,True,True,120,BARTON Ivan (SLV),43,6,0,0,6,6,1.3953488372093024,12544,https://fdp.fifa.org/assetspublic/ce281/r12544/pdf/FullTimeMatchReport-English.pdf
97,Quarter-final,France,FRA,Morocco,MAR,2,0,2,0,False,False,90,TELLO Facundo (ARG),23,1,0,0,1,1,0.43478260869565216,12545,https://fdp.fifa.org/assetspublic/ce281/r12545/pdf/FullTimeMatchReport-English.pdf
98,Quarter-final,Spain,ESP,Belgium,BEL,2,1,3,2,False,False,90,OLIVER Michael (ENG),31,4,0,0,4,4,1.2903225806451613,12547,https://fdp.fifa.org/assetspublic/ce281/r12547/pdf/FullTimeMatchReport-English.pdf
99,Quarter-final,Norway,NOR,England,ENG,1,2,3,0,True,False,120,TURPIN Clement (FRA),18,1,0,0,1,1,0.5555555555555556,12548,https://fdp.fifa.org/assetspublic/ce281/r12548/pdf/FullTimeMatchReport-English.pdf
100,Quarter-final,Argentina,ARG,Switzerland,SUI,3,1,4,0,True,False,120,PINHEIRO Joao (POR),32,5,1,0,6,8,1.875,12546,https://fdp.fifa.org/assetspublic/ce281/r12546/pdf/FullTimeMatchReport-English.pdf
101,Semi-final,France,FRA,Spain,ESP,0,2,2,1,False,False,90,BARTON Ivan (SLV),23,3,0,0,3,3,1.3043478260869565,12550,https://fdp.fifa.org/assetspublic/ce281/r12550/pdf/FullTimeMatchReport-English.pdf
102,Semi-final,England,ENG,Argentina,ARG,1,2,3,0,False,False,90,ELFATH Ismail (USA),26,4,0,0,4,4,1.5384615384615385,12549,https://fdp.fifa.org/assetspublic/ce281/r12549/pdf/FullTimeMatchReport-English.pdf
103,Bronze final,France,FRA,England,ENG,4,6,10,4,False,False,90,VALENZUELA Jesus (VEN),22,0,0,0,0,0,0.0,12551,https://fdp.fifa.org/assetspublic/ce281/r12551/pdf/FullTimeMatchReport-English.pdf
