match_number,tournament_name,year,team_name,opponent_team_name,penalties_awarded,team_possession_pct,contested_possession_pct,goals,xg,attempts_at_goal,shots_on_target,total_passes,completed_passes,pass_completion_pct,completed_line_breaks,defensive_line_breaks,receptions_final_third,crosses,ball_progressions,defensive_pressures,direct_pressures,forced_turnovers,second_balls,source_name,source_version,source_url,stage
1,2026 FIFA World Cup,2026,Mexico,South Africa,0.0,57.1,6.8,2,1.78,16,4,547,495,90,105,10,117,13,23,170,26,31,56,FIFA Post-Match Summary Report,pmsr_match_summary_v1,https://www.fifatrainingcentre.com/media/native/tournaments/fifa-world-cup/2026/PMSR-M01%20MEX%20V%20RSA.pdf,Group stage
1,2026 FIFA World Cup,2026,South Africa,Mexico,0.0,36.1,6.8,0,0.1,3,2,351,290,83,57,3,36,8,8,306,45,32,45,FIFA Post-Match Summary Report,pmsr_match_summary_v1,https://www.fifatrainingcentre.com/media/native/tournaments/fifa-world-cup/2026/PMSR-M01%20MEX%20V%20RSA.pdf,Group stage
2,2026 FIFA World Cup,2026,Czechia,Korea Republic,0.0,34.2,10.1,1,0.64,7,4,327,241,74,54,5,77,15,10,301,54,40,78,FIFA Post-Match Summary Report,pmsr_match_summary_v1,https://www.fifatrainingcentre.com/media/native/tournaments/fifa-world-cup/2026/PMSR-M02%20KOR%20V%20CZE%20.pdf,Group stage
2,2026 FIFA World Cup,2026,Korea Republic,Czechia,0.0,55.8,10.1,2,1.77,15,6,542,483,89,92,10,125,17,27,147,22,30,49,FIFA Post-Match Summary Report,pmsr_match_summary_v1,https://www.fifatrainingcentre.com/media/native/tournaments/fifa-world-cup/2026/PMSR-M02%20KOR%20V%20CZE%20.pdf,Group stage
3,2026 FIFA World Cup,2026,Bosnia and Herzegovina,Canada,0.0,29.9,17.3,1,0.76,8,3,279,186,67,61,4,51,8,22,203,35,51,79,FIFA Post-Match Summary Report,pmsr_match_summary_v1,https://www.fifatrainingcentre.com/media/native/tournaments/fifa-world-cup/2026/PMSR-M03-CAN-V-BIH-V2.pdf,Group stage
3,2026 FIFA World Cup,2026,Canada,Bosnia and Herzegovina,0.0,52.8,17.3,1,1.49,13,4,412,316,77,84,16,143,30,30,160,38,50,94,FIFA Post-Match Summary Report,pmsr_match_summary_v1,https://www.fifatrainingcentre.com/media/native/tournaments/fifa-world-cup/2026/PMSR-M03-CAN-V-BIH-V2.pdf,Group stage
4,2026 FIFA World Cup,2026,Paraguay,USA,0.0,28.7,11.8,1,0.6,9,1,316,234,74,53,3,31,5,17,360,75,49,55,FIFA Post-Match Summary Report,pmsr_match_summary_v1,https://www.fifatrainingcentre.com/media/native/tournaments/fifa-world-cup/2026/PMSR-M04-USA-V-PAR.pdf,Group stage
4,2026 FIFA World Cup,2026,USA,Paraguay,0.0,59.5,11.8,4,1.88,16,6,602,520,86,129,25,201,23,52,204,39,50,101,FIFA Post-Match Summary Report,pmsr_match_summary_v1,https://www.fifatrainingcentre.com/media/native/tournaments/fifa-world-cup/2026/PMSR-M04-USA-V-PAR.pdf,Group stage
5,2026 FIFA World Cup,2026,Haiti,Scotland,0.0,51.6,7.9,0,0.7,15,2,431,378,88,84,4,116,26,24,185,35,29,53,FIFA Post-Match Summary Report,pmsr_match_summary_v1,https://www.fifatrainingcentre.com/media/native/tournaments/fifa-world-cup/2026/PMSR-M05-HAI-V-SCO.pdf,Group stage
5,2026 FIFA World Cup,2026,Scotland,Haiti,0.0,40.5,7.9,1,0.91,9,2,397,324,82,86,6,77,16,21,230,39,35,52,FIFA Post-Match Summary Report,pmsr_match_summary_v1,https://www.fifatrainingcentre.com/media/native/tournaments/fifa-world-cup/2026/PMSR-M05-HAI-V-SCO.pdf,Group stage
6,2026 FIFA World Cup,2026,Australia,Türkiye,0.0,27.0,10.1,2,0.99,9,4,293,224,76,56,10,68,14,22,384,57,35,62,FIFA Post-Match Summary Report,pmsr_match_summary_v1,https://www.fifatrainingcentre.com/media/native/tournaments/fifa-world-cup/2026/PMSR-M06-AUS-V-TUR.pdf,Group stage
6,2026 FIFA World Cup,2026,Türkiye,Australia,0.0,62.9,10.1,0,1.66,30,7,722,663,92,132,15,348,28,38,170,31,30,87,FIFA Post-Match Summary Report,pmsr_match_summary_v1,https://www.fifatrainingcentre.com/media/native/tournaments/fifa-world-cup/2026/PMSR-M06-AUS-V-TUR.pdf,Group stage
7,2026 FIFA World Cup,2026,Brazil,Morocco,0.0,46.7,8.1,1,0.99,12,5,514,457,89,89,11,100,19,30,315,54,41,56,FIFA Post-Match Summary Report,pmsr_match_summary_v1,https://www.fifatrainingcentre.com/media/native/tournaments/fifa-world-cup/2026/PMSR-M07-BRA-V-MAR.pdf,Group stage
7,2026 FIFA World Cup,2026,Morocco,Brazil,0.0,45.2,8.1,1,1.33,14,3,503,431,86,81,5,149,14,49,285,41,50,79,FIFA Post-Match Summary Report,pmsr_match_summary_v1,https://www.fifatrainingcentre.com/media/native/tournaments/fifa-world-cup/2026/PMSR-M07-BRA-V-MAR.pdf,Group stage
8,2026 FIFA World Cup,2026,Qatar,Switzerland,0.0,28.8,12.5,1,0.52,6,3,289,213,74,58,2,41,8,13,294,42,36,53,FIFA Post-Match Summary Report,pmsr_match_summary_v1,https://www.fifatrainingcentre.com/media/native/tournaments/fifa-world-cup/2026/PMSR-M08-QAT-V-SUI.pdf,Group stage
8,2026 FIFA World Cup,2026,Switzerland,Qatar,1.0,58.7,12.5,1,3.14,26,7,591,542,92,122,17,245,34,31,165,33,42,70,FIFA Post-Match Summary Report,pmsr_match_summary_v1,https://www.fifatrainingcentre.com/media/native/tournaments/fifa-world-cup/2026/PMSR-M08-QAT-V-SUI.pdf,Group stage
9,2026 FIFA World Cup,2026,Côte d'Ivoire,Ecuador,0.0,41.9,8.2,1,1.88,15,4,471,413,88,113,11,120,15,39,288,31,44,63,FIFA Post-Match Summary Report,pmsr_match_summary_v1,https://www.fifatrainingcentre.com/media/native/tournaments/fifa-world-cup/2026/PMSR-M09-CIV-V-ECU.pdf,Group stage
9,2026 FIFA World Cup,2026,Ecuador,Côte d'Ivoire,0.0,49.9,8.2,0,1.36,12,1,513,438,85,106,8,97,14,16,280,61,49,60,FIFA Post-Match Summary Report,pmsr_match_summary_v1,https://www.fifatrainingcentre.com/media/native/tournaments/fifa-world-cup/2026/PMSR-M09-CIV-V-ECU.pdf,Group stage
10,2026 FIFA World Cup,2026,Curaçao,Germany,0.0,35.3,6.9,1,0.4,8,2,362,291,80,72,6,61,5,34,339,48,43,58,FIFA Post-Match Summary Report,pmsr_match_summary_v1,https://www.fifatrainingcentre.com/media/native/tournaments/fifa-world-cup/2026/PMSR-M10-GER-V-CUW-V2.pdf,Group stage
10,2026 FIFA World Cup,2026,Germany,Curaçao,1.0,57.8,6.9,7,4.17,26,12,641,569,89,125,18,252,20,32,227,55,46,82,FIFA Post-Match Summary Report,pmsr_match_summary_v1,https://www.fifatrainingcentre.com/media/native/tournaments/fifa-world-cup/2026/PMSR-M10-GER-V-CUW-V2.pdf,Group stage
11,2026 FIFA World Cup,2026,Japan,Netherlands,0.0,37.4,7.7,2,0.34,9,2,356,302,85,72,13,120,24,21,316,46,28,50,FIFA Post-Match Summary Report,pmsr_match_summary_v1,https://www.fifatrainingcentre.com/media/native/tournaments/fifa-world-cup/2026/PMSR-M11-NED-V-JPN.pdf,Group stage
11,2026 FIFA World Cup,2026,Netherlands,Japan,0.0,54.9,7.7,2,0.63,10,6,529,473,89,88,13,156,23,23,194,30,33,49,FIFA Post-Match Summary Report,pmsr_match_summary_v1,https://www.fifatrainingcentre.com/media/native/tournaments/fifa-world-cup/2026/PMSR-M11-NED-V-JPN.pdf,Group stage
12,2026 FIFA World Cup,2026,Sweden,Tunisia,0.0,47.4,9.9,5,2.09,13,7,356,290,81,71,13,103,12,26,172,44,42,69,FIFA Post-Match Summary Report,pmsr_match_summary_v1,https://www.fifatrainingcentre.com/media/native/tournaments/fifa-world-cup/2026/PMSR-M12-SWE-V-TUN.pdf,Group stage
12,2026 FIFA World Cup,2026,Tunisia,Sweden,0.0,42.7,9.9,1,0.34,6,2,370,299,81,76,5,84,13,19,223,45,41,67,FIFA Post-Match Summary Report,pmsr_match_summary_v1,https://www.fifatrainingcentre.com/media/native/tournaments/fifa-world-cup/2026/PMSR-M12-SWE-V-TUN.pdf,Group stage
13,2026 FIFA World Cup,2026,Saudi Arabia,Uruguay,0.0,27.1,9.6,1,1.06,7,3,331,243,73,54,3,60,6,13,318,40,44,58,FIFA Post-Match Summary Report,pmsr_match_summary_v1,https://www.fifatrainingcentre.com/media/native/tournaments/fifa-world-cup/2026/PMSR-M13-KSA-V-URU.pdf,Group stage
13,2026 FIFA World Cup,2026,Uruguay,Saudi Arabia,0.0,63.3,9.6,1,1.5,27,10,623,566,91,128,16,222,42,32,157,23,39,67,FIFA Post-Match Summary Report,pmsr_match_summary_v1,https://www.fifatrainingcentre.com/media/native/tournaments/fifa-world-cup/2026/PMSR-M13-KSA-V-URU.pdf,Group stage
14,2026 FIFA World Cup,2026,Cabo Verde,Spain,0.0,25.4,8.9,0,0.13,6,1,306,227,74,57,1,17,3,23,398,44,47,54,FIFA Post-Match Summary Report,pmsr_match_summary_v1,https://www.fifatrainingcentre.com/media/native/tournaments/fifa-world-cup/2026/PMSR-M14-ESP-V-CPV.pdf,Group stage
14,2026 FIFA World Cup,2026,Spain,Cabo Verde,0.0,65.7,8.9,0,2.26,27,7,811,755,93,144,28,426,39,23,200,37,53,83,FIFA Post-Match Summary Report,pmsr_match_summary_v1,https://www.fifatrainingcentre.com/media/native/tournaments/fifa-world-cup/2026/PMSR-M14-ESP-V-CPV.pdf,Group stage
15,2026 FIFA World Cup,2026,IR Iran,New Zealand,0.0,43.3,11.4,2,1.85,17,4,417,333,80,75,15,98,18,31,253,54,46,83,FIFA Post-Match Summary Report,pmsr_match_summary_v1,https://www.fifatrainingcentre.com/media/native/tournaments/fifa-world-cup/2026/PMSR-M15-IRN-V-NZL.pdf,Group stage
15,2026 FIFA World Cup,2026,New Zealand,IR Iran,0.0,45.3,11.4,2,1.47,14,8,448,378,84,89,3,104,11,22,234,42,47,67,FIFA Post-Match Summary Report,pmsr_match_summary_v1,https://www.fifatrainingcentre.com/media/native/tournaments/fifa-world-cup/2026/PMSR-M15-IRN-V-NZL.pdf,Group stage
16,2026 FIFA World Cup,2026,Belgium,Egypt,0.0,45.5,16.4,1,1.07,15,4,476,415,87,106,14,181,15,36,227,44,41,70,FIFA Post-Match Summary Report,pmsr_match_summary_v1,https://www.fifatrainingcentre.com/media/native/tournaments/fifa-world-cup/2026/PMSR-M16-BEL-V-EGY.pdf,Group stage
16,2026 FIFA World Cup,2026,Egypt,Belgium,0.0,38.1,16.4,1,0.73,14,3,411,339,82,78,11,96,17,22,258,68,52,66,FIFA Post-Match Summary Report,pmsr_match_summary_v1,https://www.fifatrainingcentre.com/media/native/tournaments/fifa-world-cup/2026/PMSR-M16-BEL-V-EGY.pdf,Group stage
17,2026 FIFA World Cup,2026,France,Senegal,0.0,49.4,6.2,3,1.62,11,8,584,516,88,118,11,99,9,37,277,49,54,67,FIFA Post-Match Summary Report,pmsr_match_summary_v1,https://www.fifatrainingcentre.com/media/native/tournaments/fifa-world-cup/2026/PMSR-M17-FRA-V-SEN.pdf,Group stage
17,2026 FIFA World Cup,2026,Senegal,France,0.0,44.5,6.2,1,0.39,6,2,521,453,87,101,11,78,11,28,308,44,39,64,FIFA Post-Match Summary Report,pmsr_match_summary_v1,https://www.fifatrainingcentre.com/media/native/tournaments/fifa-world-cup/2026/PMSR-M17-FRA-V-SEN.pdf,Group stage
18,2026 FIFA World Cup,2026,Iraq,Norway,0.0,34.7,8.1,1,1.2,11,1,347,286,82,70,11,72,9,24,288,64,42,52,FIFA Post-Match Summary Report,pmsr_match_summary_v1,https://www.fifatrainingcentre.com/media/native/tournaments/fifa-world-cup/2026/PMSR-M18-IRQ-V-NOR.pdf,Group stage
18,2026 FIFA World Cup,2026,Norway,Iraq,0.0,57.2,8.1,4,2.41,11,5,548,493,90,116,16,101,17,34,173,34,31,52,FIFA Post-Match Summary Report,pmsr_match_summary_v1,https://www.fifatrainingcentre.com/media/native/tournaments/fifa-world-cup/2026/PMSR-M18-IRQ-V-NOR.pdf,Group stage
19,2026 FIFA World Cup,2026,Algeria,Argentina,0.0,50.8,4.6,0,0.41,7,1,634,578,91,115,7,160,8,40,332,37,40,59,FIFA Post-Match Summary Report,pmsr_match_summary_v1,https://www.fifatrainingcentre.com/media/native/tournaments/fifa-world-cup/2026/PMSR-M19-ARG-V-ALG.pdf,Group stage
19,2026 FIFA World Cup,2026,Argentina,Algeria,0.0,44.6,4.6,3,1.58,10,6,578,517,89,102,8,68,5,18,288,57,46,50,FIFA Post-Match Summary Report,pmsr_match_summary_v1,https://www.fifatrainingcentre.com/media/native/tournaments/fifa-world-cup/2026/PMSR-M19-ARG-V-ALG.pdf,Group stage
20,2026 FIFA World Cup,2026,Austria,Jordan,1.0,53.3,13.6,3,1.93,10,4,587,499,85,112,14,132,17,35,206,44,54,83,FIFA Post-Match Summary Report,pmsr_match_summary_v1,https://www.fifatrainingcentre.com/media/native/tournaments/fifa-world-cup/2026/PMSR-M20-AUT-V-JOR-V3.pdf,Group stage
20,2026 FIFA World Cup,2026,Jordan,Austria,0.0,33.0,13.6,1,0.53,11,4,344,254,74,63,4,91,15,23,322,42,55,85,FIFA Post-Match Summary Report,pmsr_match_summary_v1,https://www.fifatrainingcentre.com/media/native/tournaments/fifa-world-cup/2026/PMSR-M20-AUT-V-JOR-V3.pdf,Group stage
21,2026 FIFA World Cup,2026,Ghana,Panama,0.0,35.6,8.9,1,0.98,7,2,362,304,84,70,12,66,17,36,294,60,49,70,FIFA Post-Match Summary Report,pmsr_match_summary_v1,https://www.fifatrainingcentre.com/media/native/tournaments/fifa-world-cup/2026/PMSR-M21-GHA-V-PAN-V2.pdf,Group stage
21,2026 FIFA World Cup,2026,Panama,Ghana,0.0,55.5,8.9,0,0.77,11,4,597,526,88,105,8,114,21,22,201,62,48,75,FIFA Post-Match Summary Report,pmsr_match_summary_v1,https://www.fifatrainingcentre.com/media/native/tournaments/fifa-world-cup/2026/PMSR-M21-GHA-V-PAN-V2.pdf,Group stage
22,2026 FIFA World Cup,2026,Croatia,England,0.0,43.5,7.5,2,0.82,10,5,459,399,87,85,8,89,12,20,295,50,35,48,FIFA Post-Match Summary Report,pmsr_match_summary_v1,https://www.fifatrainingcentre.com/media/native/tournaments/fifa-world-cup/2026/PMSR-M22-ENG-V-CRO.pdf,Group stage
22,2026 FIFA World Cup,2026,England,Croatia,1.0,49.0,7.5,4,3.33,22,11,482,421,87,82,11,78,15,23,262,38,36,63,FIFA Post-Match Summary Report,pmsr_match_summary_v1,https://www.fifatrainingcentre.com/media/native/tournaments/fifa-world-cup/2026/PMSR-M22-ENG-V-CRO.pdf,Group stage
23,2026 FIFA World Cup,2026,Congo DR,Portugal,0.0,25.3,5.8,1,0.54,8,2,268,214,80,60,4,62,10,24,407,41,42,46,FIFA Post-Match Summary Report,pmsr_match_summary_v1,https://www.fifatrainingcentre.com/media/native/tournaments/fifa-world-cup/2026/PMSR-M23-POR-V-COD.pdf,Group stage
23,2026 FIFA World Cup,2026,Portugal,Congo DR,0.0,68.9,5.8,1,0.57,7,1,804,740,92,146,18,222,23,27,183,24,29,70,FIFA Post-Match Summary Report,pmsr_match_summary_v1,https://www.fifatrainingcentre.com/media/native/tournaments/fifa-world-cup/2026/PMSR-M23-POR-V-COD.pdf,Group stage
24,2026 FIFA World Cup,2026,Colombia,Uzbekistan,0.0,56.7,9.4,3,1.16,15,4,534,469,88,72,3,110,18,23,160,32,31,60,FIFA Post-Match Summary Report,pmsr_match_summary_v1,https://www.fifatrainingcentre.com/media/native/tournaments/fifa-world-cup/2026/PMSR-M24-UZB-V-COL-V2.pdf,Group stage
24,2026 FIFA World Cup,2026,Uzbekistan,Colombia,0.0,33.9,9.4,1,1.11,8,2,334,267,80,70,6,64,11,20,264,36,32,40,FIFA Post-Match Summary Report,pmsr_match_summary_v1,https://www.fifatrainingcentre.com/media/native/tournaments/fifa-world-cup/2026/PMSR-M24-UZB-V-COL-V2.pdf,Group stage
25,2026 FIFA World Cup,2026,Czechia,South Africa,0.0,32.4,7.4,1,1.36,14,3,352,279,79,87,6,73,15,22,343,40,41,64,FIFA Post-Match Summary Report,pmsr_match_summary_v1,https://www.fifatrainingcentre.com/media/native/tournaments/fifa-world-cup/2026/PMSR-M25-CZE-V-RSA.pdf,Group stage
25,2026 FIFA World Cup,2026,South Africa,Czechia,1.0,60.3,7.4,1,1.34,17,4,584,518,89,114,8,126,16,20,233,41,44,66,FIFA Post-Match Summary Report,pmsr_match_summary_v1,https://www.fifatrainingcentre.com/media/native/tournaments/fifa-world-cup/2026/PMSR-M25-CZE-V-RSA.pdf,Group stage
26,2026 FIFA World Cup,2026,Bosnia and Herzegovina,Switzerland,0.0,34.1,8.1,1,0.3,5,3,359,289,81,69,6,61,14,24,339,48,42,62,FIFA Post-Match Summary Report,pmsr_match_summary_v1,https://www.fifatrainingcentre.com/media/native/tournaments/fifa-world-cup/2026/PMSR-M26-SUI-V-BIH.pdf,Group stage
26,2026 FIFA World Cup,2026,Switzerland,Bosnia and Herzegovina,1.0,57.8,8.1,4,1.85,13,7,601,531,88,115,18,166,24,24,234,40,46,70,FIFA Post-Match Summary Report,pmsr_match_summary_v1,https://www.fifatrainingcentre.com/media/native/tournaments/fifa-world-cup/2026/PMSR-M26-SUI-V-BIH.pdf,Group stage
27,2026 FIFA World Cup,2026,Canada,Qatar,0.0,65.8,13.7,6,3.9,33,11,575,535,93,131,23,416,61,16,107,27,31,89,FIFA Post-Match Summary Report,pmsr_match_summary_v1,https://www.fifatrainingcentre.com/media/native/tournaments/fifa-world-cup/2026/PMSR-M27-CAN-V-QAT.pdf,Group stage
27,2026 FIFA World Cup,2026,Qatar,Canada,0.0,20.5,13.7,0,0.2,2,0,166,107,64,23,3,11,2,7,274,43,23,34,FIFA Post-Match Summary Report,pmsr_match_summary_v1,https://www.fifatrainingcentre.com/media/native/tournaments/fifa-world-cup/2026/PMSR-M27-CAN-V-QAT.pdf,Group stage
28,2026 FIFA World Cup,2026,Korea Republic,Mexico,0.0,51.8,7.3,0,0.87,9,2,593,510,86,75,9,84,8,16,217,37,48,62,FIFA Post-Match Summary Report,pmsr_match_summary_v1,https://www.fifatrainingcentre.com/media/native/tournaments/fifa-world-cup/2026/PMSR-M28-MEX-V-KOR.pdf,Group stage
28,2026 FIFA World Cup,2026,Mexico,Korea Republic,0.0,40.8,7.3,1,0.34,8,4,432,360,83,76,4,56,5,18,265,39,46,69,FIFA Post-Match Summary Report,pmsr_match_summary_v1,https://www.fifatrainingcentre.com/media/native/tournaments/fifa-world-cup/2026/PMSR-M28-MEX-V-KOR.pdf,Group stage
29,2026 FIFA World Cup,2026,Brazil,Haiti,0.0,49.0,7.8,3,1.42,7,4,551,484,88,105,13,84,11,21,195,32,39,50,FIFA Post-Match Summary Report,pmsr_match_summary_v1,https://www.fifatrainingcentre.com/media/native/tournaments/fifa-world-cup/2026/PMSR-M29-BRA-V-HAI.pdf,Group stage
29,2026 FIFA World Cup,2026,Haiti,Brazil,0.0,43.2,7.8,0,0.26,7,3,402,338,84,84,10,88,13,29,294,58,34,63,FIFA Post-Match Summary Report,pmsr_match_summary_v1,https://www.fifatrainingcentre.com/media/native/tournaments/fifa-world-cup/2026/PMSR-M29-BRA-V-HAI.pdf,Group stage
30,2026 FIFA World Cup,2026,Morocco,Scotland,0.0,54.8,6.1,1,0.8,12,2,676,612,91,83,8,99,13,32,260,56,40,61,FIFA Post-Match Summary Report,pmsr_match_summary_v1,https://www.fifatrainingcentre.com/media/native/tournaments/fifa-world-cup/2026/PMSR-M30-SCO-V-MAR.pdf,Group stage
30,2026 FIFA World Cup,2026,Scotland,Morocco,0.0,39.1,6.1,0,0.74,6,0,460,403,88,87,5,77,13,26,304,36,39,49,FIFA Post-Match Summary Report,pmsr_match_summary_v1,https://www.fifatrainingcentre.com/media/native/tournaments/fifa-world-cup/2026/PMSR-M30-SCO-V-MAR.pdf,Group stage
31,2026 FIFA World Cup,2026,Paraguay,Türkiye,0.0,19.2,13.1,1,0.36,7,2,171,92,54,45,3,40,9,17,367,69,50,61,FIFA Post-Match Summary Report,pmsr_match_summary_v1,https://www.fifatrainingcentre.com/media/native/tournaments/fifa-world-cup/2026/PMSR-M31-TUR-V-PAR.pdf,Group stage
31,2026 FIFA World Cup,2026,Türkiye,Paraguay,0.0,67.7,13.1,0,2.13,32,5,666,594,89,153,17,319,45,43,101,36,41,92,FIFA Post-Match Summary Report,pmsr_match_summary_v1,https://www.fifatrainingcentre.com/media/native/tournaments/fifa-world-cup/2026/PMSR-M31-TUR-V-PAR.pdf,Group stage
32,2026 FIFA World Cup,2026,Australia,USA,0.0,30.3,13.7,0,0.31,5,2,308,238,77,71,11,89,20,31,262,40,40,70,FIFA Post-Match Summary Report,pmsr_match_summary_v1,https://www.fifatrainingcentre.com/media/native/tournaments/fifa-world-cup/2026/PMSR-M32-USA-V-AUS.pdf,Group stage
32,2026 FIFA World Cup,2026,USA,Australia,0.0,56.0,13.7,2,1.58,10,2,531,465,88,95,17,126,15,33,167,50,39,65,FIFA Post-Match Summary Report,pmsr_match_summary_v1,https://www.fifatrainingcentre.com/media/native/tournaments/fifa-world-cup/2026/PMSR-M32-USA-V-AUS.pdf,Group stage
33,2026 FIFA World Cup,2026,Côte d'Ivoire,Germany,0.0,41.2,9.3,1,1.27,9,2,449,387,86,92,9,92,12,50,316,57,43,60,FIFA Post-Match Summary Report,pmsr_match_summary_v1,https://www.fifatrainingcentre.com/media/native/tournaments/fifa-world-cup/2026/PMSR-M33-GER-V-CIV.pdf,Group stage
33,2026 FIFA World Cup,2026,Germany,Côte d'Ivoire,0.0,49.5,9.3,2,2.47,16,7,634,578,91,133,13,215,20,28,293,59,47,69,FIFA Post-Match Summary Report,pmsr_match_summary_v1,https://www.fifatrainingcentre.com/media/native/tournaments/fifa-world-cup/2026/PMSR-M33-GER-V-CIV.pdf,Group stage
34,2026 FIFA World Cup,2026,Curaçao,Ecuador,0.0,23.4,10.8,0,0.63,10,3,237,167,70,59,1,50,1,31,345,50,35,60,FIFA Post-Match Summary Report,pmsr_match_summary_v1,https://www.fifatrainingcentre.com/media/native/tournaments/fifa-world-cup/2026/PMSR-M34-ECU-V-CUW.pdf,Group stage
34,2026 FIFA World Cup,2026,Ecuador,Curaçao,0.0,65.8,10.8,0,2.76,27,15,663,601,91,125,19,238,33,41,155,49,43,92,FIFA Post-Match Summary Report,pmsr_match_summary_v1,https://www.fifatrainingcentre.com/media/native/tournaments/fifa-world-cup/2026/PMSR-M34-ECU-V-CUW.pdf,Group stage
35,2026 FIFA World Cup,2026,Netherlands,Sweden,0.0,48.2,8.5,5,2.25,10,7,447,398,89,96,14,97,19,25,232,38,47,54,FIFA Post-Match Summary Report,pmsr_match_summary_v1,https://www.fifatrainingcentre.com/media/native/tournaments/fifa-world-cup/2026/PMSR-M35-NED-V-SWE.pdf,Group stage
35,2026 FIFA World Cup,2026,Sweden,Netherlands,0.0,43.3,8.5,1,1.3,16,8,438,377,86,100,12,118,23,20,228,38,37,53,FIFA Post-Match Summary Report,pmsr_match_summary_v1,https://www.fifatrainingcentre.com/media/native/tournaments/fifa-world-cup/2026/PMSR-M35-NED-V-SWE.pdf,Group stage
36,2026 FIFA World Cup,2026,Japan,Tunisia,0.0,55.1,8.5,4,1.36,10,4,593,535,90,85,10,119,12,17,219,50,35,52,FIFA Post-Match Summary Report,pmsr_match_summary_v1,https://www.fifatrainingcentre.com/media/native/tournaments/fifa-world-cup/2026/PMSR-M36-TUN-V-JPN.pdf,Group stage
36,2026 FIFA World Cup,2026,Tunisia,Japan,0.0,36.4,8.5,0,0.02,2,0,376,305,81,58,6,55,9,13,233,35,34,45,FIFA Post-Match Summary Report,pmsr_match_summary_v1,https://www.fifatrainingcentre.com/media/native/tournaments/fifa-world-cup/2026/PMSR-M36-TUN-V-JPN.pdf,Group stage
37,2026 FIFA World Cup,2026,Cabo Verde,Uruguay,0.0,33.4,11.7,2,0.54,12,4,293,218,74,62,2,47,8,29,233,39,46,61,FIFA Post-Match Summary Report,pmsr_match_summary_v1,https://www.fifatrainingcentre.com/media/native/tournaments/fifa-world-cup/2026/PMSR-M37-URU-V-CPV.pdf,Group stage
37,2026 FIFA World Cup,2026,Uruguay,Cabo Verde,0.0,54.9,11.7,2,2.23,17,2,517,444,86,92,16,183,27,31,198,43,41,78,FIFA Post-Match Summary Report,pmsr_match_summary_v1,https://www.fifatrainingcentre.com/media/native/tournaments/fifa-world-cup/2026/PMSR-M37-URU-V-CPV.pdf,Group stage
38,2026 FIFA World Cup,2026,Saudi Arabia,Spain,0.0,30.0,6.9,0,0.11,3,2,389,309,79,77,7,63,4,19,413,34,42,54,FIFA Post-Match Summary Report,pmsr_match_summary_v1,https://www.fifatrainingcentre.com/media/native/tournaments/fifa-world-cup/2026/PMSR-M38-ESP-V-KSA.pdf,Group stage
38,2026 FIFA World Cup,2026,Spain,Saudi Arabia,0.0,63.2,6.9,4,3.2,22,8,743,688,93,159,18,259,28,25,214,30,44,87,FIFA Post-Match Summary Report,pmsr_match_summary_v1,https://www.fifatrainingcentre.com/media/native/tournaments/fifa-world-cup/2026/PMSR-M38-ESP-V-KSA.pdf,Group stage
39,2026 FIFA World Cup,2026,Belgium,IR Iran,0.0,59.2,10.6,0,1.48,23,7,637,562,88,120,11,267,35,33,121,13,45,90,FIFA Post-Match Summary Report,pmsr_match_summary_v1,https://www.fifatrainingcentre.com/media/native/tournaments/fifa-world-cup/2026/PMSR-M39-BEL-V-IRN.pdf,Group stage
39,2026 FIFA World Cup,2026,IR Iran,Belgium,0.0,30.2,10.6,0,0.48,7,3,275,201,73,40,3,46,11,9,343,49,43,59,FIFA Post-Match Summary Report,pmsr_match_summary_v1,https://www.fifatrainingcentre.com/media/native/tournaments/fifa-world-cup/2026/PMSR-M39-BEL-V-IRN.pdf,Group stage
40,2026 FIFA World Cup,2026,Egypt,New Zealand,0.0,50.3,10.3,3,2.1,19,7,544,486,89,110,9,167,20,17,249,45,51,72,FIFA Post-Match Summary Report,pmsr_match_summary_v1,https://www.fifatrainingcentre.com/media/native/tournaments/fifa-world-cup/2026/PMSR-M40-NZL-V-EGY.pdf,Group stage
40,2026 FIFA World Cup,2026,New Zealand,Egypt,0.0,39.4,10.3,1,0.71,11,5,437,355,81,85,4,80,13,23,289,47,39,76,FIFA Post-Match Summary Report,pmsr_match_summary_v1,https://www.fifatrainingcentre.com/media/native/tournaments/fifa-world-cup/2026/PMSR-M40-NZL-V-EGY.pdf,Group stage
41,2026 FIFA World Cup,2026,Norway,Senegal,0.0,40.1,8.4,3,1.5,13,7,361,295,82,68,5,87,11,19,224,33,32,55,FIFA Post-Match Summary Report,pmsr_match_summary_v1,https://www.fifatrainingcentre.com/media/native/tournaments/fifa-world-cup/2026/PMSR-M41-NOR-V-SEN.pdf,Group stage
41,2026 FIFA World Cup,2026,Senegal,Norway,0.0,51.4,8.4,2,2.05,16,4,504,447,89,99,12,181,23,27,233,41,36,74,FIFA Post-Match Summary Report,pmsr_match_summary_v1,https://www.fifatrainingcentre.com/media/native/tournaments/fifa-world-cup/2026/PMSR-M41-NOR-V-SEN.pdf,Group stage
42,2026 FIFA World Cup,2026,France,Iraq,0.0,49.0,6.7,3,2.3,19,5,604,553,92,117,21,246,19,38,257,35,42,79,FIFA Post-Match Summary Report,pmsr_match_summary_v1,https://www.fifatrainingcentre.com/media/native/tournaments/fifa-world-cup/2026/PMSR-M42-FRA-V-IRQ.pdf,Group stage
42,2026 FIFA World Cup,2026,Iraq,France,0.0,44.3,6.7,0,0.7,4,0,502,431,86,89,6,50,10,26,304,43,37,55,FIFA Post-Match Summary Report,pmsr_match_summary_v1,https://www.fifatrainingcentre.com/media/native/tournaments/fifa-world-cup/2026/PMSR-M42-FRA-V-IRQ.pdf,Group stage
43,2026 FIFA World Cup,2026,Argentina,Austria,1.0,48.2,8.4,2,2.45,12,5,564,509,90,87,6,103,6,14,229,35,41,53,FIFA Post-Match Summary Report,pmsr_match_summary_v1,https://www.fifatrainingcentre.com/media/native/tournaments/fifa-world-cup/2026/PMSR-M43-ARG-V-AUT.pdf,Group stage
43,2026 FIFA World Cup,2026,Austria,Argentina,0.0,43.5,8.4,0,0.63,6,1,475,416,88,91,13,146,18,18,299,48,31,65,FIFA Post-Match Summary Report,pmsr_match_summary_v1,https://www.fifatrainingcentre.com/media/native/tournaments/fifa-world-cup/2026/PMSR-M43-ARG-V-AUT.pdf,Group stage
44,2026 FIFA World Cup,2026,Algeria,Jordan,0.0,62.2,10.1,2,2.05,17,8,661,590,89,99,19,182,20,39,199,48,55,85,FIFA Post-Match Summary Report,pmsr_match_summary_v1,https://www.fifatrainingcentre.com/media/native/tournaments/fifa-world-cup/2026/PMSR-M44-JOR-V-ALG.pdf,Group stage
44,2026 FIFA World Cup,2026,Jordan,Algeria,0.0,27.7,10.1,1,0.38,8,4,270,201,74,71,12,49,7,29,355,76,47,67,FIFA Post-Match Summary Report,pmsr_match_summary_v1,https://www.fifatrainingcentre.com/media/native/tournaments/fifa-world-cup/2026/PMSR-M44-JOR-V-ALG.pdf,Group stage
45,2026 FIFA World Cup,2026,England,Ghana,0.0,72.4,7.6,0,1.78,19,3,652,605,93,106,16,218,32,31,105,39,25,65,FIFA Post-Match Summary Report,pmsr_match_summary_v1,https://www.fifatrainingcentre.com/media/native/tournaments/fifa-world-cup/2026/PMSR-M45-ENG-V-GHA.pdf,Group stage
45,2026 FIFA World Cup,2026,Ghana,England,0.0,20.0,7.6,0,0.34,2,0,179,128,72,36,6,24,5,11,298,50,31,32,FIFA Post-Match Summary Report,pmsr_match_summary_v1,https://www.fifatrainingcentre.com/media/native/tournaments/fifa-world-cup/2026/PMSR-M45-ENG-V-GHA.pdf,Group stage
46,2026 FIFA World Cup,2026,Croatia,Panama,0.0,52.5,10.4,1,0.82,6,2,518,445,86,75,16,96,18,19,236,51,47,65,FIFA Post-Match Summary Report,pmsr_match_summary_v1,https://www.fifatrainingcentre.com/media/native/tournaments/fifa-world-cup/2026/PMSR-M46-PAN-V-CRO.pdf,Group stage
46,2026 FIFA World Cup,2026,Panama,Croatia,0.0,37.2,10.4,0,0.69,8,1,356,282,79,80,10,97,27,24,269,58,44,81,FIFA Post-Match Summary Report,pmsr_match_summary_v1,https://www.fifatrainingcentre.com/media/native/tournaments/fifa-world-cup/2026/PMSR-M46-PAN-V-CRO.pdf,Group stage
47,2026 FIFA World Cup,2026,Portugal,Uzbekistan,0.0,56.1,9.8,5,2.03,17,9,639,577,90,135,19,179,24,43,197,43,37,67,FIFA Post-Match Summary Report,pmsr_match_summary_v1,https://www.fifatrainingcentre.com/media/native/tournaments/fifa-world-cup/2026/PMSR-M47-POR-V-UZB-v2.pdf,Group stage
47,2026 FIFA World Cup,2026,Uzbekistan,Portugal,0.0,34.0,9.8,0,0.44,7,2,347,278,80,63,3,63,8,21,338,44,49,61,FIFA Post-Match Summary Report,pmsr_match_summary_v1,https://www.fifatrainingcentre.com/media/native/tournaments/fifa-world-cup/2026/PMSR-M47-POR-V-UZB-v2.pdf,Group stage
48,2026 FIFA World Cup,2026,Colombia,Congo DR,0.0,58.5,8.6,1,1.54,20,9,548,475,87,94,10,146,14,14,155,31,40,64,FIFA Post-Match Summary Report,pmsr_match_summary_v1,https://www.fifatrainingcentre.com/media/native/tournaments/fifa-world-cup/2026/PMSR-M48-COL-V-COD-V2.pdf,Group stage
48,2026 FIFA World Cup,2026,Congo DR,Colombia,0.0,32.9,8.6,0,0.42,7,1,315,236,75,51,6,56,13,10,300,47,40,59,FIFA Post-Match Summary Report,pmsr_match_summary_v1,https://www.fifatrainingcentre.com/media/native/tournaments/fifa-world-cup/2026/PMSR-M48-COL-V-COD-V2.pdf,Group stage
49,2026 FIFA World Cup,2026,Brazil,Scotland,0.0,51.1,6.0,3,3.78,21,9,615,571,93,108,9,139,13,20,227,24,28,53,FIFA Post-Match Summary Report,pmsr_match_summary_v1,https://www.fifatrainingcentre.com/media/native/tournaments/fifa-world-cup/2026/PMSR-M49-SCO-V-BRA.pdf,Group stage
49,2026 FIFA World Cup,2026,Scotland,Brazil,0.0,43.0,6.0,0,0.69,14,5,520,466,90,99,7,96,24,15,241,34,33,49,FIFA Post-Match Summary Report,pmsr_match_summary_v1,https://www.fifatrainingcentre.com/media/native/tournaments/fifa-world-cup/2026/PMSR-M49-SCO-V-BRA.pdf,Group stage
50,2026 FIFA World Cup,2026,Haiti,Morocco,0.0,31.5,8.4,2,0.65,9,2,265,212,80,49,3,40,3,32,331,50,50,59,FIFA Post-Match Summary Report,pmsr_match_summary_v1,https://www.fifatrainingcentre.com/media/native/tournaments/fifa-world-cup/2026/PMSR-M50-MAR-V-HAI-V2.pdf,Group stage
50,2026 FIFA World Cup,2026,Morocco,Haiti,0.0,60.1,8.4,4,2.12,22,11,557,495,89,124,19,157,31,39,172,57,38,64,FIFA Post-Match Summary Report,pmsr_match_summary_v1,https://www.fifatrainingcentre.com/media/native/tournaments/fifa-world-cup/2026/PMSR-M50-MAR-V-HAI-V2.pdf,Group stage
51,2026 FIFA World Cup,2026,Canada,Switzerland,0.0,40.1,11.1,1,1.61,13,7,353,275,78,87,7,103,26,21,299,44,50,64,FIFA Post-Match Summary Report,pmsr_match_summary_v1,https://www.fifatrainingcentre.com/media/native/tournaments/fifa-world-cup/2026/PMSR-M51-SUI-V-CAN.pdf,Group stage
51,2026 FIFA World Cup,2026,Switzerland,Canada,0.0,48.8,11.1,2,1.68,6,4,471,389,83,95,6,55,8,16,216,50,49,53,FIFA Post-Match Summary Report,pmsr_match_summary_v1,https://www.fifatrainingcentre.com/media/native/tournaments/fifa-world-cup/2026/PMSR-M51-SUI-V-CAN.pdf,Group stage
52,2026 FIFA World Cup,2026,Bosnia and Herzegovina,Qatar,0.0,48.7,8.7,3,0.77,14,5,521,461,88,99,8,92,25,29,248,41,43,59,FIFA Post-Match Summary Report,pmsr_match_summary_v1,https://www.fifatrainingcentre.com/media/native/tournaments/fifa-world-cup/2026/PMSR-M52-BIH-V-QAT.pdf,Group stage
52,2026 FIFA World Cup,2026,Qatar,Bosnia and Herzegovina,0.0,42.6,8.7,1,1.17,9,3,457,388,85,90,14,94,18,13,264,37,42,55,FIFA Post-Match Summary Report,pmsr_match_summary_v1,https://www.fifatrainingcentre.com/media/native/tournaments/fifa-world-cup/2026/PMSR-M52-BIH-V-QAT.pdf,Group stage
53,2026 FIFA World Cup,2026,Czechia,Mexico,0.0,44.7,8.8,0,0.44,13,1,423,352,83,82,6,80,20,18,213,27,38,66,FIFA Post-Match Summary Report,pmsr_match_summary_v1,https://www.fifatrainingcentre.com/media/native/tournaments/fifa-world-cup/2026/PMSR-M53-CZE-V-MEX.pdf,Group stage
53,2026 FIFA World Cup,2026,Mexico,Czechia,0.0,46.5,8.8,3,2.1,11,5,394,340,86,71,5,109,14,14,233,23,35,51,FIFA Post-Match Summary Report,pmsr_match_summary_v1,https://www.fifatrainingcentre.com/media/native/tournaments/fifa-world-cup/2026/PMSR-M53-CZE-V-MEX.pdf,Group stage
54,2026 FIFA World Cup,2026,Korea Republic,South Africa,0.0,60.9,8.9,0,0.74,8,3,718,657,92,114,20,187,39,15,199,27,28,63,FIFA Post-Match Summary Report,pmsr_match_summary_v1,https://www.fifatrainingcentre.com/media/native/tournaments/fifa-world-cup/2026/PMSR-M54-RSA-V-KOR.pdf,Group stage
54,2026 FIFA World Cup,2026,South Africa,Korea Republic,0.0,30.3,8.9,1,0.89,13,4,345,279,81,69,2,53,7,21,321,37,40,68,FIFA Post-Match Summary Report,pmsr_match_summary_v1,https://www.fifatrainingcentre.com/media/native/tournaments/fifa-world-cup/2026/PMSR-M54-RSA-V-KOR.pdf,Group stage
55,2026 FIFA World Cup,2026,Curaçao,Côte d'Ivoire,0.0,37.9,6.9,0,0.66,11,2,369,312,85,78,9,69,15,27,299,62,43,57,FIFA Post-Match Summary Report,pmsr_match_summary_v1,https://www.fifatrainingcentre.com/media/native/tournaments/fifa-world-cup/2026/PMSR-M55-CUW-V-CIV.pdf,Group stage
55,2026 FIFA World Cup,2026,Côte d'Ivoire,Curaçao,0.0,55.2,6.9,2,0.93,7,3,644,574,89,116,9,131,18,26,201,43,44,65,FIFA Post-Match Summary Report,pmsr_match_summary_v1,https://www.fifatrainingcentre.com/media/native/tournaments/fifa-world-cup/2026/PMSR-M55-CUW-V-CIV.pdf,Group stage
56,2026 FIFA World Cup,2026,Ecuador,Germany,0.0,39.2,9.6,2,1.29,7,3,389,325,84,61,7,93,14,24,299,58,49,66,FIFA Post-Match Summary Report,pmsr_match_summary_v1,https://www.fifatrainingcentre.com/media/native/tournaments/fifa-world-cup/2026/PMSR-M56-ECU-V-GER.pdf,Group stage
56,2026 FIFA World Cup,2026,Germany,Ecuador,0.0,51.2,9.6,1,0.74,11,3,612,537,88,114,4,146,16,25,231,41,51,85,FIFA Post-Match Summary Report,pmsr_match_summary_v1,https://www.fifatrainingcentre.com/media/native/tournaments/fifa-world-cup/2026/PMSR-M56-ECU-V-GER.pdf,Group stage
57,2026 FIFA World Cup,2026,Japan,Sweden,0.0,44.7,10.7,1,1.22,8,3,454,381,84,79,7,95,14,16,221,47,42,62,FIFA Post-Match Summary Report,pmsr_match_summary_v1,https://www.fifatrainingcentre.com/media/native/tournaments/fifa-world-cup/2026/PMSR-M57-JPN-V-SWE.pdf,Group stage
57,2026 FIFA World Cup,2026,Sweden,Japan,0.0,44.6,10.7,1,0.56,11,5,410,330,80,72,3,111,16,18,201,26,37,74,FIFA Post-Match Summary Report,pmsr_match_summary_v1,https://www.fifatrainingcentre.com/media/native/tournaments/fifa-world-cup/2026/PMSR-M57-JPN-V-SWE.pdf,Group stage
58,2026 FIFA World Cup,2026,Netherlands,Tunisia,0.0,64.6,7.8,3,1.79,20,7,668,619,93,115,16,233,27,25,173,32,34,61,FIFA Post-Match Summary Report,pmsr_match_summary_v1,https://www.fifatrainingcentre.com/media/native/tournaments/fifa-world-cup/2026/PMSR-M58-TUN-V-NED.pdf,Group stage
58,2026 FIFA World Cup,2026,Tunisia,Netherlands,0.0,27.5,7.8,1,0.76,10,4,265,208,78,56,4,54,13,15,346,51,34,40,FIFA Post-Match Summary Report,pmsr_match_summary_v1,https://www.fifatrainingcentre.com/media/native/tournaments/fifa-world-cup/2026/PMSR-M58-TUN-V-NED.pdf,Group stage
59,2026 FIFA World Cup,2026,Türkiye,USA,0.0,42.5,9.5,3,1.71,8,2,456,353,77,88,13,106,11,24,219,56,50,75,FIFA Post-Match Summary Report,pmsr_match_summary_v1,https://www.fifatrainingcentre.com/media/native/tournaments/fifa-world-cup/2026/PMSR-M59-TUR-v-USA.pdf,Group stage
59,2026 FIFA World Cup,2026,USA,Türkiye,0.0,48.0,9.5,2,1.78,18,7,495,424,86,91,14,111,20,19,267,50,47,61,FIFA Post-Match Summary Report,pmsr_match_summary_v1,https://www.fifatrainingcentre.com/media/native/tournaments/fifa-world-cup/2026/PMSR-M59-TUR-v-USA.pdf,Group stage
60,2026 FIFA World Cup,2026,Australia,Paraguay,0.0,46.2,11.6,0,0.7,12,5,526,446,85,86,4,109,13,30,210,33,43,93,FIFA Post-Match Summary Report,pmsr_match_summary_v1,https://www.fifatrainingcentre.com/media/native/tournaments/fifa-world-cup/2026/PMSR-M60-PAR-V-AUS.pdf,Group stage
60,2026 FIFA World Cup,2026,Paraguay,Australia,0.0,42.2,11.6,0,0.29,7,2,418,345,83,49,3,62,7,18,284,62,51,64,FIFA Post-Match Summary Report,pmsr_match_summary_v1,https://www.fifatrainingcentre.com/media/native/tournaments/fifa-world-cup/2026/PMSR-M60-PAR-V-AUS.pdf,Group stage
61,2026 FIFA World Cup,2026,France,Norway,0.0,51.2,7.8,4,1.05,18,9,549,492,90,98,21,184,16,28,234,45,43,68,FIFA Post-Match Summary Report,pmsr_match_summary_v1,https://www.fifatrainingcentre.com/media/native/tournaments/fifa-world-cup/2026/PMSR-M61-NOR-V-FRA.pdf,Group stage
61,2026 FIFA World Cup,2026,Norway,France,1.0,41.0,7.8,1,1.45,10,5,449,367,82,75,4,96,9,24,297,43,38,64,FIFA Post-Match Summary Report,pmsr_match_summary_v1,https://www.fifatrainingcentre.com/media/native/tournaments/fifa-world-cup/2026/PMSR-M61-NOR-V-FRA.pdf,Group stage
62,2026 FIFA World Cup,2026,Iraq,Senegal,0.0,30.7,10.7,0,0.21,6,1,280,200,71,52,4,41,5,17,259,48,43,53,FIFA Post-Match Summary Report,pmsr_match_summary_v1,https://www.fifatrainingcentre.com/media/native/tournaments/fifa-world-cup/2026/PMSR-M62-SEN-V-IRQ.pdf,Group stage
62,2026 FIFA World Cup,2026,Senegal,Iraq,0.0,58.6,10.7,5,2.7,27,11,585,523,89,107,17,240,29,40,162,23,38,71,FIFA Post-Match Summary Report,pmsr_match_summary_v1,https://www.fifatrainingcentre.com/media/native/tournaments/fifa-world-cup/2026/PMSR-M62-SEN-V-IRQ.pdf,Group stage
63,2026 FIFA World Cup,2026,Egypt,IR Iran,0.0,53.7,9.9,1,0.92,15,3,588,525,89,97,15,123,16,30,169,30,52,76,FIFA Post-Match Summary Report,pmsr_match_summary_v1,https://www.fifatrainingcentre.com/media/native/tournaments/fifa-world-cup/2026/PMSR-M63-EGY-V-IRN.pdf,Group stage
63,2026 FIFA World Cup,2026,IR Iran,Egypt,1.0,36.4,9.9,1,2.24,13,3,359,280,78,73,5,87,11,21,278,45,43,78,FIFA Post-Match Summary Report,pmsr_match_summary_v1,https://www.fifatrainingcentre.com/media/native/tournaments/fifa-world-cup/2026/PMSR-M63-EGY-V-IRN.pdf,Group stage
64,2026 FIFA World Cup,2026,Belgium,New Zealand,0.0,50.1,9.4,5,3.99,35,10,530,475,90,118,18,203,25,38,249,32,44,82,FIFA Post-Match Summary Report,pmsr_match_summary_v1,https://www.fifatrainingcentre.com/media/native/tournaments/fifa-world-cup/2026/PMSR-M64-NZL-V-BEL.pdf,Group stage
64,2026 FIFA World Cup,2026,New Zealand,Belgium,0.0,40.5,9.4,1,0.3,6,2,450,379,84,82,5,77,13,17,321,51,32,50,FIFA Post-Match Summary Report,pmsr_match_summary_v1,https://www.fifatrainingcentre.com/media/native/tournaments/fifa-world-cup/2026/PMSR-M64-NZL-V-BEL.pdf,Group stage
65,2026 FIFA World Cup,2026,Cabo Verde,Saudi Arabia,0.0,48.0,10.2,0,1.37,15,2,465,402,86,113,12,133,21,36,206,34,53,83,FIFA Post-Match Summary Report,pmsr_match_summary_v1,https://www.fifatrainingcentre.com/media/native/tournaments/fifa-world-cup/2026/PMSR-M65-CPV-V-KSA.pdf,Group stage
65,2026 FIFA World Cup,2026,Saudi Arabia,Cabo Verde,0.0,41.9,10.2,0,0.35,7,3,455,370,81,76,11,95,12,21,304,66,42,67,FIFA Post-Match Summary Report,pmsr_match_summary_v1,https://www.fifatrainingcentre.com/media/native/tournaments/fifa-world-cup/2026/PMSR-M65-CPV-V-KSA.pdf,Group stage
66,2026 FIFA World Cup,2026,Spain,Uruguay,0.0,57.1,9.5,1,1.12,6,1,637,570,89,134,10,89,15,37,215,35,49,65,FIFA Post-Match Summary Report,pmsr_match_summary_v1,https://www.fifatrainingcentre.com/media/native/tournaments/fifa-world-cup/2026/PMSR-M66-URU-V-ESP.pdf,Group stage
66,2026 FIFA World Cup,2026,Uruguay,Spain,0.0,33.4,9.5,0,0.22,5,1,305,241,79,68,15,94,18,24,390,64,53,67,FIFA Post-Match Summary Report,pmsr_match_summary_v1,https://www.fifatrainingcentre.com/media/native/tournaments/fifa-world-cup/2026/PMSR-M66-URU-V-ESP.pdf,Group stage
67,2026 FIFA World Cup,2026,England,Panama,0.0,57.7,9.2,2,1.61,17,6,562,500,89,114,30,177,29,25,228,46,44,72,FIFA Post-Match Summary Report,pmsr_match_summary_v1,https://www.fifatrainingcentre.com/media/native/tournaments/fifa-world-cup/2026/PMSR-M67-PAN-V-ENG.pdf,Group stage
67,2026 FIFA World Cup,2026,Panama,England,0.0,33.1,9.2,0,0.72,13,2,306,231,75,84,5,48,10,22,283,55,55,57,FIFA Post-Match Summary Report,pmsr_match_summary_v1,https://www.fifatrainingcentre.com/media/native/tournaments/fifa-world-cup/2026/PMSR-M67-PAN-V-ENG.pdf,Group stage
68,2026 FIFA World Cup,2026,Croatia,Ghana,0.0,50.8,6.1,2,0.48,8,4,538,487,91,84,8,82,15,27,189,30,32,52,FIFA Post-Match Summary Report,pmsr_match_summary_v1,https://www.fifatrainingcentre.com/media/native/tournaments/fifa-world-cup/2026/PMSR-M68-CRO-V-GHA.pdf,Group stage
68,2026 FIFA World Cup,2026,Ghana,Croatia,0.0,43.1,6.1,1,0.75,6,1,466,411,88,50,5,60,11,27,271,36,40,47,FIFA Post-Match Summary Report,pmsr_match_summary_v1,https://www.fifatrainingcentre.com/media/native/tournaments/fifa-world-cup/2026/PMSR-M68-CRO-V-GHA.pdf,Group stage
69,2026 FIFA World Cup,2026,Algeria,Austria,0.0,60.7,5.3,3,1.54,12,5,775,723,93,96,7,137,4,26,218,30,39,47,FIFA Post-Match Summary Report,pmsr_match_summary_v1,https://www.fifatrainingcentre.com/media/native/tournaments/fifa-world-cup/2026/PMSR-M69-ALG-V-AUT.pdf,Group stage
69,2026 FIFA World Cup,2026,Austria,Algeria,0.0,33.9,5.3,3,1.06,10,3,405,355,88,70,10,93,13,10,305,40,24,56,FIFA Post-Match Summary Report,pmsr_match_summary_v1,https://www.fifatrainingcentre.com/media/native/tournaments/fifa-world-cup/2026/PMSR-M69-ALG-V-AUT.pdf,Group stage
70,2026 FIFA World Cup,2026,Argentina,Jordan,1.0,67.6,4.7,3,2.52,13,4,824,762,92,130,8,144,10,25,184,39,42,48,FIFA Post-Match Summary Report,pmsr_match_summary_v1,https://www.fifatrainingcentre.com/media/native/tournaments/fifa-world-cup/2026/PMSR-M70-JOR-V-ARG.pdf,Group stage
70,2026 FIFA World Cup,2026,Jordan,Argentina,0.0,27.7,4.7,1,0.96,5,1,300,239,80,66,11,61,9,30,471,48,37,44,FIFA Post-Match Summary Report,pmsr_match_summary_v1,https://www.fifatrainingcentre.com/media/native/tournaments/fifa-world-cup/2026/PMSR-M70-JOR-V-ARG.pdf,Group stage
71,2026 FIFA World Cup,2026,Colombia,Portugal,0.0,51.9,6.7,0,1.85,24,7,547,491,90,114,13,178,16,20,218,23,36,60,FIFA Post-Match Summary Report,pmsr_match_summary_v1,https://www.fifatrainingcentre.com/media/native/tournaments/fifa-world-cup/2026/PMSR-M71-COL-V-POR.pdf,Group stage
71,2026 FIFA World Cup,2026,Portugal,Colombia,0.0,41.4,6.7,0,0.97,13,2,456,421,92,99,12,121,14,32,303,29,37,38,FIFA Post-Match Summary Report,pmsr_match_summary_v1,https://www.fifatrainingcentre.com/media/native/tournaments/fifa-world-cup/2026/PMSR-M71-COL-V-POR.pdf,Group stage
72,2026 FIFA World Cup,2026,Congo DR,Uzbekistan,1.0,53.0,10.0,3,2.11,19,5,495,419,85,106,6,131,25,41,191,31,54,93,FIFA Post-Match Summary Report,pmsr_match_summary_v1,https://www.fifatrainingcentre.com/media/native/tournaments/fifa-world-cup/2026/PMSR-M72-COD-V-UZB-v2.pdf,Group stage
72,2026 FIFA World Cup,2026,Uzbekistan,Congo DR,0.0,37.0,10.0,1,0.16,3,1,378,283,75,80,5,90,15,16,342,62,54,74,FIFA Post-Match Summary Report,pmsr_match_summary_v1,https://www.fifatrainingcentre.com/media/native/tournaments/fifa-world-cup/2026/PMSR-M72-COD-V-UZB-v2.pdf,Group stage
73,2026 FIFA World Cup,2026,Canada,South Africa,0.0,35.6,8.5,1,1.33,12,7,390,314,81,80,7,112,14,29,344,62,49,82,FIFA Post-Match Summary Report,pmsr_match_summary_v1,https://www.fifatrainingcentre.com/media/native/tournaments/fifa-world-cup/2026/PMSR-M73-RSA-V-CAN.pdf,Round of 32
73,2026 FIFA World Cup,2026,South Africa,Canada,0.0,55.8,8.5,0,0.16,6,1,575,486,85,97,13,60,5,25,221,43,42,80,FIFA Post-Match Summary Report,pmsr_match_summary_v1,https://www.fifatrainingcentre.com/media/native/tournaments/fifa-world-cup/2026/PMSR-M73-RSA-V-CAN.pdf,Round of 32
74,2026 FIFA World Cup,2026,Germany,Paraguay,0.0,65.5,10.8,1,1.25,21,6,834,752,90,161,10,344,52,46,164,32,45,118,FIFA Post-Match Summary Report,pmsr_match_summary_v1,https://www.fifatrainingcentre.com/media/native/tournaments/fifa-world-cup/2026/PMSR-M74-GER-V-PAR-V2.pdf,Round of 32
74,2026 FIFA World Cup,2026,Paraguay,Germany,0.0,23.7,10.8,1,0.61,7,3,264,166,63,51,6,69,20,28,410,69,59,71,FIFA Post-Match Summary Report,pmsr_match_summary_v1,https://www.fifatrainingcentre.com/media/native/tournaments/fifa-world-cup/2026/PMSR-M74-GER-V-PAR-V2.pdf,Round of 32
75,2026 FIFA World Cup,2026,Morocco,Netherlands,0.0,61.4,7.5,1,1.3,11,5,891,813,91,94,10,167,19,26,244,64,52,75,FIFA Post-Match Summary Report,pmsr_match_summary_v1,https://www.fifatrainingcentre.com/media/native/tournaments/fifa-world-cup/2026/PMSR-M75-NED-V-MAR.pdf,Round of 32
75,2026 FIFA World Cup,2026,Netherlands,Morocco,0.0,31.1,7.5,1,0.33,6,2,395,307,78,62,4,68,10,19,340,43,51,79,FIFA Post-Match Summary Report,pmsr_match_summary_v1,https://www.fifatrainingcentre.com/media/native/tournaments/fifa-world-cup/2026/PMSR-M75-NED-V-MAR.pdf,Round of 32
76,2026 FIFA World Cup,2026,Brazil,Japan,0.0,61.6,8.2,2,2.12,19,7,715,652,91,118,14,250,30,23,200,35,40,74,FIFA Post-Match Summary Report,pmsr_match_summary_v1,https://www.fifatrainingcentre.com/media/native/tournaments/fifa-world-cup/2026/PMSR-M76-BRA-V-JPN.pdf,Round of 32
76,2026 FIFA World Cup,2026,Japan,Brazil,0.0,30.3,8.2,1,0.26,5,2,330,279,85,72,5,81,12,12,362,48,34,47,FIFA Post-Match Summary Report,pmsr_match_summary_v1,https://www.fifatrainingcentre.com/media/native/tournaments/fifa-world-cup/2026/PMSR-M76-BRA-V-JPN.pdf,Round of 32
77,2026 FIFA World Cup,2026,France,Sweden,0.0,53.5,8.4,3,2.9,25,12,548,498,91,129,16,202,22,33,213,38,35,64,FIFA Post-Match Summary Report,pmsr_match_summary_v1,https://www.fifatrainingcentre.com/media/native/tournaments/fifa-world-cup/2026/PMSR-M77-FRA-V-SWE.pdf,Round of 32
77,2026 FIFA World Cup,2026,Sweden,France,0.0,38.0,8.4,0,0.71,8,3,365,296,81,71,6,99,11,16,258,42,34,56,FIFA Post-Match Summary Report,pmsr_match_summary_v1,https://www.fifatrainingcentre.com/media/native/tournaments/fifa-world-cup/2026/PMSR-M77-FRA-V-SWE.pdf,Round of 32
78,2026 FIFA World Cup,2026,Côte d'Ivoire,Norway,0.0,41.3,8.5,1,1.43,14,5,406,353,87,90,16,151,33,27,318,57,45,72,FIFA Post-Match Summary Report,pmsr_match_summary_v1,https://www.fifatrainingcentre.com/media/native/tournaments/fifa-world-cup/2026/PMSR-M78-CIV-V-NOR.pdf,Round of 32
78,2026 FIFA World Cup,2026,Norway,Côte d'Ivoire,0.0,50.2,8.5,2,2.3,9,4,492,442,90,103,5,126,15,36,216,42,31,51,FIFA Post-Match Summary Report,pmsr_match_summary_v1,https://www.fifatrainingcentre.com/media/native/tournaments/fifa-world-cup/2026/PMSR-M78-CIV-V-NOR.pdf,Round of 32
79,2026 FIFA World Cup,2026,Ecuador,Mexico,0.0,52.9,10.0,0,0.47,7,1,420,353,84,69,7,112,27,23,191,37,35,59,FIFA Post-Match Summary Report,pmsr_match_summary_v1,https://www.fifatrainingcentre.com/media/native/tournaments/fifa-world-cup/2026/PMSR-M79-MEX-V-ECU.pdf,Round of 32
79,2026 FIFA World Cup,2026,Mexico,Ecuador,0.0,37.1,10.0,2,1.86,15,3,317,259,82,76,10,83,10,15,215,37,33,50,FIFA Post-Match Summary Report,pmsr_match_summary_v1,https://www.fifatrainingcentre.com/media/native/tournaments/fifa-world-cup/2026/PMSR-M79-MEX-V-ECU.pdf,Round of 32
80,2026 FIFA World Cup,2026,Congo DR,England,0.0,37.9,8.6,1,0.64,7,2,392,326,83,91,9,75,16,31,336,60,36,48,FIFA Post-Match Summary Report,pmsr_match_summary_v1,https://www.fifatrainingcentre.com/media/native/tournaments/fifa-world-cup/2026/PMSR-M80-ENG-V-COD.pdf,Round of 32
80,2026 FIFA World Cup,2026,England,Congo DR,0.0,53.5,8.6,2,1.75,16,7,523,482,92,125,25,222,42,41,246,44,35,69,FIFA Post-Match Summary Report,pmsr_match_summary_v1,https://www.fifatrainingcentre.com/media/native/tournaments/fifa-world-cup/2026/PMSR-M80-ENG-V-COD.pdf,Round of 32
81,2026 FIFA World Cup,2026,Bosnia and Herzegovina,USA,0.0,47.7,8.4,0,0.21,10,3,459,381,83,52,5,81,12,16,208,33,32,57,FIFA Post-Match Summary Report,pmsr_match_summary_v1,https://www.fifatrainingcentre.com/media/native/tournaments/fifa-world-cup/2026/PMSR-M81-USA-V-BIH.pdf,Round of 32
81,2026 FIFA World Cup,2026,USA,Bosnia and Herzegovina,0.0,44.0,8.4,2,0.8,8,2,425,362,85,82,14,88,19,31,206,38,43,62,FIFA Post-Match Summary Report,pmsr_match_summary_v1,https://www.fifatrainingcentre.com/media/native/tournaments/fifa-world-cup/2026/PMSR-M81-USA-V-BIH.pdf,Round of 32
82,2026 FIFA World Cup,2026,Belgium,Senegal,1.0,48.3,8.8,3,1.74,19,5,695,607,87,109,12,161,27,26,351,44,45,93,FIFA Post-Match Summary Report,pmsr_match_summary_v1,https://www.fifatrainingcentre.com/media/native/tournaments/fifa-world-cup/2026/PMSR-M82-BEL-V-SEN.pdf,Round of 32
82,2026 FIFA World Cup,2026,Senegal,Belgium,0.0,42.9,8.8,2,2.09,19,5,638,555,87,137,16,181,27,33,352,62,52,70,FIFA Post-Match Summary Report,pmsr_match_summary_v1,https://www.fifatrainingcentre.com/media/native/tournaments/fifa-world-cup/2026/PMSR-M82-BEL-V-SEN.pdf,Round of 32
83,2026 FIFA World Cup,2026,Croatia,Portugal,0.0,37.8,7.0,1,1.17,13,6,386,330,85,70,7,85,21,30,291,43,35,61,FIFA Post-Match Summary Report,pmsr_match_summary_v1,https://www.fifatrainingcentre.com/media/native/tournaments/fifa-world-cup/2026/PMSR-M83-POR-V-CRO.pdf,Round of 32
83,2026 FIFA World Cup,2026,Portugal,Croatia,1.0,55.3,7.0,2,1.91,15,3,588,538,91,90,7,134,21,32,257,38,42,56,FIFA Post-Match Summary Report,pmsr_match_summary_v1,https://www.fifatrainingcentre.com/media/native/tournaments/fifa-world-cup/2026/PMSR-M83-POR-V-CRO.pdf,Round of 32
84,2026 FIFA World Cup,2026,Austria,Spain,0.0,33.3,7.5,0,0.25,5,0,360,291,81,71,5,52,14,17,410,77,41,56,FIFA Post-Match Summary Report,pmsr_match_summary_v1,https://www.fifatrainingcentre.com/media/native/tournaments/fifa-world-cup/2026/PMSR-M84-ESP-V-AUT.pdf,Round of 32
84,2026 FIFA World Cup,2026,Spain,Austria,0.0,59.2,7.5,3,2.25,23,10,643,589,92,142,14,188,25,42,203,29,51,68,FIFA Post-Match Summary Report,pmsr_match_summary_v1,https://www.fifatrainingcentre.com/media/native/tournaments/fifa-world-cup/2026/PMSR-M84-ESP-V-AUT.pdf,Round of 32
85,2026 FIFA World Cup,2026,Algeria,Switzerland,0.0,51.5,7.9,0,0.73,8,2,571,491,86,107,9,109,7,36,266,37,47,70,FIFA Post-Match Summary Report,pmsr_match_summary_v1,https://www.fifatrainingcentre.com/media/native/tournaments/fifa-world-cup/2026/PMSR-M85-SUI-V-ALG.pdf,Round of 32
85,2026 FIFA World Cup,2026,Switzerland,Algeria,0.0,40.7,7.9,2,1.9,11,5,451,371,82,88,10,86,18,37,283,51,56,69,FIFA Post-Match Summary Report,pmsr_match_summary_v1,https://www.fifatrainingcentre.com/media/native/tournaments/fifa-world-cup/2026/PMSR-M85-SUI-V-ALG.pdf,Round of 32
86,2026 FIFA World Cup,2026,Argentina,Cabo Verde,0.0,59.2,6.6,3,2.73,22,12,862,800,93,152,24,262,19,33,289,51,51,77,FIFA Post-Match Summary Report,pmsr_match_summary_v1,https://www.fifatrainingcentre.com/media/native/tournaments/fifa-world-cup/2026/PMSR-M86-ARG-V-CPV.pdf,Round of 32
86,2026 FIFA World Cup,2026,Cabo Verde,Argentina,0.0,34.1,6.6,2,0.52,16,5,491,425,87,100,5,100,19,29,415,49,45,69,FIFA Post-Match Summary Report,pmsr_match_summary_v1,https://www.fifatrainingcentre.com/media/native/tournaments/fifa-world-cup/2026/PMSR-M86-ARG-V-CPV.pdf,Round of 32
87,2026 FIFA World Cup,2026,Colombia,Ghana,0.0,54.6,6.8,1,1.8,20,8,598,540,90,91,12,129,17,19,217,52,35,58,FIFA Post-Match Summary Report,pmsr_match_summary_v1,https://www.fifatrainingcentre.com/media/native/tournaments/fifa-world-cup/2026/PMSR-M87-COL-V-GHA.pdf,Round of 32
87,2026 FIFA World Cup,2026,Ghana,Colombia,0.0,38.6,6.8,0,0.26,8,0,390,329,84,77,3,74,15,29,297,37,36,72,FIFA Post-Match Summary Report,pmsr_match_summary_v1,https://www.fifatrainingcentre.com/media/native/tournaments/fifa-world-cup/2026/PMSR-M87-COL-V-GHA.pdf,Round of 32
88,2026 FIFA World Cup,2026,Australia,Egypt,0.0,35.4,11.6,1,0.74,16,2,520,428,82,115,11,145,23,31,373,32,56,105,FIFA Post-Match Summary Report,pmsr_match_summary_v1,https://www.fifatrainingcentre.com/media/native/tournaments/fifa-world-cup/2026/PMSR-M88-AUS-V-EGY.pdf,Round of 32
88,2026 FIFA World Cup,2026,Egypt,Australia,0.0,53.0,11.6,1,1.23,14,4,729,638,88,113,20,176,22,23,304,56,42,74,FIFA Post-Match Summary Report,pmsr_match_summary_v1,https://www.fifatrainingcentre.com/media/native/tournaments/fifa-world-cup/2026/PMSR-M88-AUS-V-EGY.pdf,Round of 32
89,2026 FIFA World Cup,2026,France,Paraguay,1.0,66.7,10.8,1,1.93,15,5,587,526,90,103,10,241,20,36,95,23,37,75,FIFA Post-Match Summary Report,pmsr_match_summary_v1,https://www.fifatrainingcentre.com/media/native/tournaments/fifa-world-cup/2026/PMSR-M89-PAR-V-FRA.pdf,Round of 16
89,2026 FIFA World Cup,2026,Paraguay,France,0.0,22.5,10.8,0,0.13,5,0,191,108,57,37,3,22,6,13,268,56,40,65,FIFA Post-Match Summary Report,pmsr_match_summary_v1,https://www.fifatrainingcentre.com/media/native/tournaments/fifa-world-cup/2026/PMSR-M89-PAR-V-FRA.pdf,Round of 16
90,2026 FIFA World Cup,2026,Canada,Morocco,0.0,37.5,11.8,0,0.68,10,3,368,282,77,79,12,120,27,21,273,57,48,80,FIFA Post-Match Summary Report,pmsr_match_summary_v1,https://www.fifatrainingcentre.com/media/native/tournaments/fifa-world-cup/2026/PMSR-M90-CAN-V-MAR.pdf,Round of 16
90,2026 FIFA World Cup,2026,Morocco,Canada,0.0,50.7,11.8,3,0.85,5,4,499,420,84,72,9,44,6,29,189,41,46,68,FIFA Post-Match Summary Report,pmsr_match_summary_v1,https://www.fifatrainingcentre.com/media/native/tournaments/fifa-world-cup/2026/PMSR-M90-CAN-V-MAR.pdf,Round of 16
91,2026 FIFA World Cup,2026,Brazil,Norway,2.0,32.1,7.2,1,2.57,14,4,347,298,86,73,12,129,16,30,401,69,38,59,FIFA Post-Match Summary Report,pmsr_match_summary_v1,https://www.fifatrainingcentre.com/media/native/tournaments/fifa-world-cup/2026/PMSR-M91-BRA-V-NOR.pdf,Round of 16
91,2026 FIFA World Cup,2026,Norway,Brazil,0.0,60.7,7.2,2,1.41,9,5,683,627,92,125,7,178,17,28,185,23,28,68,FIFA Post-Match Summary Report,pmsr_match_summary_v1,https://www.fifatrainingcentre.com/media/native/tournaments/fifa-world-cup/2026/PMSR-M91-BRA-V-NOR.pdf,Round of 16
92,2026 FIFA World Cup,2026,England,Mexico,1.0,31.5,9.1,3,2.12,6,5,254,204,80,53,9,43,8,17,243,36,28,48,FIFA Post-Match Summary Report,pmsr_match_summary_v1,https://www.fifatrainingcentre.com/media/native/tournaments/fifa-world-cup/2026/PMSR-M92-MEX-V-ENG.pdf,Round of 16
92,2026 FIFA World Cup,2026,Mexico,England,1.0,59.4,9.1,2,2.01,20,5,485,448,92,103,8,206,49,20,182,52,33,62,FIFA Post-Match Summary Report,pmsr_match_summary_v1,https://www.fifatrainingcentre.com/media/native/tournaments/fifa-world-cup/2026/PMSR-M92-MEX-V-ENG.pdf,Round of 16
93,2026 FIFA World Cup,2026,Portugal,Spain,0.0,41.7,7.7,0,0.91,10,2,459,378,82,102,10,101,12,36,342,27,43,63,FIFA Post-Match Summary Report,pmsr_match_summary_v1,https://www.fifatrainingcentre.com/media/native/tournaments/fifa-world-cup/2026/PMSR-M93-POR-V-ESP.pdf,Round of 16
93,2026 FIFA World Cup,2026,Spain,Portugal,0.0,50.6,7.7,1,1.72,15,6,548,490,89,143,16,144,18,29,294,45,55,57,FIFA Post-Match Summary Report,pmsr_match_summary_v1,https://www.fifatrainingcentre.com/media/native/tournaments/fifa-world-cup/2026/PMSR-M93-POR-V-ESP.pdf,Round of 16
94,2026 FIFA World Cup,2026,Belgium,USA,0.0,40.0,8.7,4,1.99,15,7,423,340,80,79,7,94,19,26,295,57,48,90,FIFA Post-Match Summary Report,pmsr_match_summary_v1,https://www.fifatrainingcentre.com/media/native/tournaments/fifa-world-cup/2026/PMSR-M94-USA-V-BEL.pdf,Round of 16
94,2026 FIFA World Cup,2026,USA,Belgium,0.0,51.2,8.7,1,0.33,7,2,553,483,87,126,14,123,13,28,232,39,41,68,FIFA Post-Match Summary Report,pmsr_match_summary_v1,https://www.fifatrainingcentre.com/media/native/tournaments/fifa-world-cup/2026/PMSR-M94-USA-V-BEL.pdf,Round of 16
95,2026 FIFA World Cup,2026,Argentina,Egypt,1.0,57.1,8.5,3,2.63,19,7,618,558,90,129,12,231,26,32,190,36,39,65,FIFA Post-Match Summary Report,pmsr_match_summary_v1,https://www.fifatrainingcentre.com/media/native/tournaments/fifa-world-cup/2026/PMSR-M95-ARG-V-EGY.pdf,Round of 16
95,2026 FIFA World Cup,2026,Egypt,Argentina,0.0,34.4,8.5,2,0.76,5,2,382,316,83,80,4,54,8,35,380,39,27,39,FIFA Post-Match Summary Report,pmsr_match_summary_v1,https://www.fifatrainingcentre.com/media/native/tournaments/fifa-world-cup/2026/PMSR-M95-ARG-V-EGY.pdf,Round of 16
96,2026 FIFA World Cup,2026,Colombia,Switzerland,0.0,44.3,7.4,0,0.97,15,3,562,462,82,120,4,89,17,21,338,53,52,82,FIFA Post-Match Summary Report,pmsr_match_summary_v1,https://www.fifatrainingcentre.com/media/native/tournaments/fifa-world-cup/2026/PMSR-M96-SUI-V-COL.pdf,Round of 16
96,2026 FIFA World Cup,2026,Switzerland,Colombia,0.0,48.3,7.4,0,0.58,7,2,641,561,88,126,13,123,16,26,316,60,49,68,FIFA Post-Match Summary Report,pmsr_match_summary_v1,https://www.fifatrainingcentre.com/media/native/tournaments/fifa-world-cup/2026/PMSR-M96-SUI-V-COL.pdf,Round of 16
97,2026 FIFA World Cup,2026,France,Morocco,,46.5,6.9,2,3.52,22,8,497,450,91,104,9,163,13,43,263,31,38,51,FIFA Post-Match Summary Report,pmsr_match_summary_v1,https://www.fifatrainingcentre.com/media/native/tournaments/fifa-world-cup/2026/PMSR-M97-FRA-V-MAR.pdf,Quarter-final
97,2026 FIFA World Cup,2026,Morocco,France,,46.6,6.9,0,0.16,5,1,539,469,87,76,6,92,16,32,286,42,36,54,FIFA Post-Match Summary Report,pmsr_match_summary_v1,https://www.fifatrainingcentre.com/media/native/tournaments/fifa-world-cup/2026/PMSR-M97-FRA-V-MAR.pdf,Quarter-final
98,2026 FIFA World Cup,2026,Belgium,Spain,,31.0,7.4,1,0.34,5,2,320,254,79,80,9,54,12,27,339,37,40,50,FIFA Post-Match Summary Report,pmsr_match_summary_v1,https://www.fifatrainingcentre.com/media/native/tournaments/fifa-world-cup/2026/PMSR-M98-ESP-V-BEL.pdf,Quarter-final
98,2026 FIFA World Cup,2026,Spain,Belgium,,61.6,7.4,2,2.2,17,8,693,625,90,159,18,250,21,36,206,23,37,71,FIFA Post-Match Summary Report,pmsr_match_summary_v1,https://www.fifatrainingcentre.com/media/native/tournaments/fifa-world-cup/2026/PMSR-M98-ESP-V-BEL.pdf,Quarter-final
99,2026 FIFA World Cup,2026,England,Norway,,47.4,8.4,2,1.64,14,7,653,593,91,121,15,174,21,40,304,51,42,58,FIFA Post-Match Summary Report,pmsr_match_summary_v1,https://www.fifatrainingcentre.com/media/native/tournaments/fifa-world-cup/2026/PMSR-M99-NOR-V-ENG.pdf,Quarter-final
99,2026 FIFA World Cup,2026,Norway,England,,44.2,8.4,1,0.87,13,4,582,504,87,100,3,144,18,23,324,56,33,67,FIFA Post-Match Summary Report,pmsr_match_summary_v1,https://www.fifatrainingcentre.com/media/native/tournaments/fifa-world-cup/2026/PMSR-M99-NOR-V-ENG.pdf,Quarter-final
100,2026 FIFA World Cup,2026,Argentina,Switzerland,,54.7,8.3,3,1.99,22,7,716,629,88,98,7,256,16,21,241,35,39,69,FIFA Post-Match Summary Report,pmsr_match_summary_v1,https://www.fifatrainingcentre.com/media/native/tournaments/fifa-world-cup/2026/PMSR-M100-ARG-V-SUI.pdf,Quarter-final
100,2026 FIFA World Cup,2026,Switzerland,Argentina,,37.0,8.3,1,0.44,11,5,476,404,85,99,8,130,22,34,367,47,43,76,FIFA Post-Match Summary Report,pmsr_match_summary_v1,https://www.fifatrainingcentre.com/media/native/tournaments/fifa-world-cup/2026/PMSR-M100-ARG-V-SUI.pdf,Quarter-final
101,2026 FIFA World Cup,2026,France,Spain,,46.8,7.4,0,0.48,10,3,496,417,84,111,8,117,22,32,298,47,51,77,FIFA Post-Match Summary Report,pmsr_match_summary_v1,https://www.fifatrainingcentre.com/media/native/tournaments/fifa-world-cup/2026/PMSR-M101-FRA-V-ESP.pdf,Semi-final
101,2026 FIFA World Cup,2026,Spain,France,,45.8,7.4,2,2.21,10,2,517,439,85,98,9,75,8,24,309,54,54,68,FIFA Post-Match Summary Report,pmsr_match_summary_v1,https://www.fifatrainingcentre.com/media/native/tournaments/fifa-world-cup/2026/PMSR-M101-FRA-V-ESP.pdf,Semi-final
102,2026 FIFA World Cup,2026,Argentina,England,,56.5,8.2,2,1.47,15,5,610,549,90,115,8,230,20,26,188,39,39,55,FIFA Post-Match Summary Report,pmsr_match_summary_v1,https://www.fifatrainingcentre.com/media/native/tournaments/fifa-world-cup/2026/PMSR-M102-ENG-V-ARG.pdf,Semi-final
102,2026 FIFA World Cup,2026,England,Argentina,,35.2,8.2,1,0.46,5,2,353,293,83,74,13,87,15,25,320,40,32,54,FIFA Post-Match Summary Report,pmsr_match_summary_v1,https://www.fifatrainingcentre.com/media/native/tournaments/fifa-world-cup/2026/PMSR-M102-ENG-V-ARG.pdf,Semi-final
103,2026 FIFA World Cup,2026,England,France,,52.0,6.5,6,2.34,19,11,535,479,90,116,17,66,13,33,223,44,32,62,FIFA Post-Match Summary Report,pmsr_match_summary_v1,https://www.fifatrainingcentre.com/media/native/tournaments/fifa-world-cup/2026/PMSR-M103-FRA-V-ENG.pdf,Third-place
103,2026 FIFA World Cup,2026,France,England,,41.5,6.5,4,2.99,19,9,453,412,91,105,16,176,8,36,335,75,30,59,FIFA Post-Match Summary Report,pmsr_match_summary_v1,https://www.fifatrainingcentre.com/media/native/tournaments/fifa-world-cup/2026/PMSR-M103-FRA-V-ENG.pdf,Third-place
