date,home_team,away_team,home_score,away_score,tournament,city,country,neutral,rating_year,home_rating_team,home_rating,home_rank,away_rating_team,away_rating,away_rank,tournament_normalized,neutral_bool,year,avg_elo,elo_gap,worst_rank,total_goals,analysis_context,pair_id,match_distance
1991-05-07,Mexico,Uruguay,0.0,2.0,Friendly,Los Angeles,United States,True,1990,Mexico,1889.0,9.0,Uruguay,1846.0,16.0,Friendly,True,1991,1867.5,43.0,16.0,2.0,Elite professional friendly,1,0.3535412811784939
1994-06-19,Norway,Mexico,1.0,0.0,FIFA World Cup,"Washington, D.C.",United States,True,1993,Norway,1854.0,15.0,Mexico,1891.0,10.0,FIFA World Cup,True,1994,1872.5,37.0,15.0,1.0,Official tournament match,1,0.3535412811784939
1991-08-08,Czechoslovakia,Yugoslavia,0.0,0.0,Friendly,Aosta,Italy,True,1990,Czechoslovakia,1887.0,12.0,Yugoslavia,1982.0,4.0,Friendly,True,1991,1934.5,95.0,12.0,0.0,Elite professional friendly,2,0.19503856439448325
1992-06-11,Denmark,England,0.0,0.0,UEFA Euro,Malmö,Sweden,True,1991,Denmark,1885.0,12.0,England,1989.0,3.0,UEFA Euro,True,1992,1937.0,104.0,12.0,0.0,Official tournament match,2,0.19503856439448325
1992-07-31,Brazil,Mexico,5.0,0.0,Friendly,Los Angeles,United States,True,1991,Brazil,1961.0,7.0,Mexico,1830.0,15.0,Friendly,True,1992,1895.5,131.0,15.0,5.0,Elite professional friendly,3,0.3609268097616844
1991-07-11,Brazil,Uruguay,1.0,1.0,Copa América,Viña del Mar,Chile,True,1990,Brazil,1958.0,5.0,Uruguay,1846.0,16.0,Copa America,True,1991,1902.0,112.0,16.0,2.0,Official tournament match,3,0.3609268097616844
1992-08-02,Mexico,Colombia,0.0,0.0,Friendly,Los Angeles,United States,True,1991,Mexico,1830.0,15.0,Colombia,1767.0,26.0,Friendly,True,1992,1798.5,63.0,26.0,0.0,Elite professional friendly,4,0.28878242498116324
1993-06-26,Colombia,Uruguay,1.0,1.0,Copa América,Guayaquil,Ecuador,True,1992,Colombia,1775.0,25.0,Uruguay,1849.0,15.0,Copa America,True,1993,1812.0,74.0,25.0,2.0,Official tournament match,4,0.28878242498116324
1992-11-11,Bulgaria,Portugal,1.0,2.0,Friendly,Saint-Ouen-l'Aumône,France,True,1991,Bulgaria,1738.0,29.0,Portugal,1795.0,22.0,Friendly,True,1992,1766.5,57.0,29.0,3.0,Elite professional friendly,5,0.2624130471177077
1994-06-26,Bulgaria,Greece,4.0,0.0,FIFA World Cup,Chicago,United States,True,1993,Bulgaria,1789.0,24.0,Greece,1740.0,28.0,FIFA World Cup,True,1994,1764.5,49.0,28.0,4.0,Official tournament match,5,0.2624130471177077
1993-09-29,Mexico,Poland,0.0,0.0,Friendly,Oakland,United States,True,1992,Mexico,1787.0,24.0,Poland,1812.0,20.0,Friendly,True,1993,1799.5,25.0,24.0,0.0,Elite professional friendly,6,0.3406381195826229
1993-06-16,Colombia,Mexico,2.0,1.0,Copa América,Machala,Ecuador,True,1992,Colombia,1775.0,25.0,Mexico,1787.0,24.0,Copa America,True,1993,1781.0,12.0,25.0,3.0,Official tournament match,6,0.3406381195826229
1993-12-15,Argentina,Germany,2.0,1.0,Friendly,Miami,United States,True,1992,Argentina,2028.0,1.0,Germany,1994.0,3.0,Friendly,True,1993,2011.0,34.0,3.0,3.0,Elite professional friendly,7,0.09384247500956983
1993-06-27,Brazil,Argentina,1.0,1.0,Copa América,Guayaquil,Ecuador,True,1992,Brazil,1999.0,2.0,Argentina,2028.0,1.0,Copa America,True,1993,2013.5,29.0,2.0,2.0,Official tournament match,7,0.09384247500956983
1994-01-19,Mexico,Bulgaria,1.0,1.0,Friendly,San Diego,United States,True,1993,Mexico,1891.0,10.0,Bulgaria,1789.0,24.0,Friendly,True,1994,1840.0,102.0,24.0,2.0,Elite professional friendly,8,0.0
1994-07-05,Mexico,Bulgaria,1.0,1.0,FIFA World Cup,East Rutherford,United States,True,1993,Mexico,1891.0,10.0,Bulgaria,1789.0,24.0,FIFA World Cup,True,1994,1840.0,102.0,24.0,2.0,Official tournament match,8,0.0
1994-01-26,Mexico,Switzerland,1.0,5.0,Friendly,Oakland,United States,True,1993,Mexico,1891.0,10.0,Switzerland,1847.0,16.0,Friendly,True,1994,1869.0,44.0,16.0,6.0,Elite professional friendly,9,0.10346033278001965
1994-06-24,Sweden,Russia,3.0,1.0,FIFA World Cup,Pontiac,United States,True,1993,Sweden,1883.0,12.0,Russia,1842.0,18.0,FIFA World Cup,True,1994,1862.5,41.0,18.0,4.0,Official tournament match,9,0.10346033278001965
1994-02-02,Mexico,Russia,1.0,4.0,Friendly,Oakland,United States,True,1993,Mexico,1891.0,10.0,Russia,1842.0,18.0,Friendly,True,1994,1866.5,49.0,18.0,5.0,Elite professional friendly,10,0.01876849500191395
1994-06-24,Mexico,Republic of Ireland,2.0,1.0,FIFA World Cup,Orlando,United States,True,1993,Mexico,1891.0,10.0,Ireland,1841.0,19.0,FIFA World Cup,True,1994,1866.0,50.0,19.0,3.0,Official tournament match,10,0.01876849500191395
1994-02-24,Mexico,Sweden,2.0,1.0,Friendly,Fresno,United States,True,1993,Mexico,1891.0,10.0,Sweden,1883.0,12.0,Friendly,True,1994,1887.0,8.0,12.0,3.0,Elite professional friendly,11,0.27260267456714354
1995-01-13,Denmark,Argentina,2.0,0.0,Confederations Cup,Riyadh,Saudi Arabia,True,1994,Denmark,1905.0,10.0,Argentina,1884.0,14.0,Confederations Cup,True,1995,1894.5,21.0,14.0,2.0,Official tournament match,11,0.27260267456714354
1994-06-05,Colombia,Greece,2.0,0.0,Friendly,East Rutherford,United States,True,1993,Colombia,1933.0,6.0,Greece,1740.0,28.0,Friendly,True,1994,1836.5,193.0,28.0,2.0,Elite professional friendly,12,0.11261097001148389
1994-06-21,Argentina,Greece,4.0,0.0,FIFA World Cup,Foxborough,United States,True,1993,Argentina,1927.0,8.0,Greece,1740.0,28.0,FIFA World Cup,True,1994,1833.5,187.0,28.0,4.0,Official tournament match,12,0.11261097001148389
1994-06-11,Bolivia,Switzerland,0.0,0.0,Friendly,Montreal,Canada,True,1993,Bolivia,1706.0,30.0,Switzerland,1847.0,16.0,Friendly,True,1994,1776.5,141.0,30.0,0.0,Elite professional friendly,13,0.5022452429389658
1995-07-11,Argentina,Chile,4.0,0.0,Copa América,Paysandú,Uruguay,True,1994,Argentina,1884.0,14.0,Chile,1740.0,28.0,Copa America,True,1995,1812.0,144.0,28.0,4.0,Official tournament match,13,0.5022452429389658
1994-06-12,Romania,Sweden,1.0,1.0,Friendly,Mission Viejo,United States,True,1993,Romania,1827.0,21.0,Sweden,1883.0,12.0,Friendly,True,1994,1855.0,56.0,21.0,2.0,Elite professional friendly,14,0.0
1994-07-10,Romania,Sweden,2.0,2.0,FIFA World Cup,Palo Alto,United States,True,1993,Romania,1827.0,21.0,Sweden,1883.0,12.0,FIFA World Cup,True,1994,1855.0,56.0,21.0,4.0,Official tournament match,14,0.0
1995-02-01,Mexico,Uruguay,1.0,0.0,Friendly,San Diego,United States,True,1994,Mexico,1871.0,16.0,Uruguay,1805.0,23.0,Friendly,True,1995,1838.0,66.0,23.0,1.0,Elite professional friendly,15,0.41228778950564815
1996-06-13,Bulgaria,Romania,1.0,0.0,UEFA Euro,Newcastle,England,True,1995,Bulgaria,1836.0,19.0,Romania,1892.0,11.0,UEFA Euro,True,1996,1864.0,56.0,19.0,1.0,Official tournament match,15,0.41228778950564815
1995-03-29,Mexico,Chile,1.0,2.0,Friendly,Los Angeles,United States,True,1994,Mexico,1871.0,16.0,Chile,1740.0,28.0,Friendly,True,1995,1805.5,131.0,28.0,3.0,Elite professional friendly,16,0.2865525755979195
1996-06-11,Turkey,Croatia,0.0,1.0,UEFA Euro,Nottingham,England,True,1995,Turkey,1760.0,27.0,Croatia,1882.0,12.0,UEFA Euro,True,1996,1821.0,122.0,27.0,1.0,Official tournament match,16,0.2865525755979195
1995-06-04,Brazil,Sweden,1.0,0.0,Friendly,Birmingham,England,True,1994,Brazil,2069.0,1.0,Sweden,1949.0,6.0,Friendly,True,1995,2009.0,120.0,6.0,1.0,Elite professional friendly,17,0.41785897148271367
1992-06-18,Netherlands,Germany,3.0,1.0,UEFA Euro,Gothenburg,Sweden,True,1991,Netherlands,1964.0,6.0,Germany,2089.0,1.0,UEFA Euro,True,1992,2026.5,125.0,6.0,4.0,Official tournament match,17,0.41785897148271367
1995-06-21,Germany,Italy,2.0,0.0,Friendly,Zürich,Switzerland,True,1994,Germany,1998.0,2.0,Italy,1987.0,4.0,Friendly,True,1995,1992.5,11.0,4.0,2.0,Elite professional friendly,18,0.3960008397664957
1992-06-14,France,England,0.0,0.0,UEFA Euro,Malmö,Sweden,True,1991,France,2011.0,2.0,England,1989.0,3.0,UEFA Euro,True,1992,2000.0,22.0,3.0,0.0,Official tournament match,18,0.3960008397664957
1995-11-29,Mexico,Colombia,2.0,2.0,Friendly,Los Angeles,United States,True,1994,Mexico,1871.0,16.0,Colombia,1896.0,12.0,Friendly,True,1995,1883.5,25.0,16.0,4.0,Elite professional friendly,19,0.16891645501722585
1995-01-10,Denmark,Mexico,1.0,1.0,Confederations Cup,Riyadh,Saudi Arabia,True,1994,Denmark,1905.0,10.0,Mexico,1871.0,16.0,Confederations Cup,True,1995,1888.0,34.0,16.0,2.0,Official tournament match,19,0.16891645501722585
1996-05-29,Colombia,Scotland,1.0,0.0,Friendly,Miami,United States,True,1995,Colombia,1845.0,17.0,Scotland,1783.0,23.0,Friendly,True,1996,1814.0,62.0,23.0,1.0,Elite professional friendly,20,0.2815274250287097
1996-06-18,Scotland,Switzerland,1.0,0.0,UEFA Euro,Birmingham,England,True,1995,Scotland,1783.0,23.0,Switzerland,1830.0,20.0,UEFA Euro,True,1996,1806.5,47.0,23.0,1.0,Official tournament match,20,0.2815274250287097
1998-02-24,Mexico,Netherlands,2.0,3.0,Friendly,Miami Gardens,United States,True,1997,Mexico,1788.0,22.0,Netherlands,1941.0,8.0,Friendly,True,1998,1864.5,153.0,22.0,5.0,Elite professional friendly,21,0.0
1998-06-25,Netherlands,Mexico,2.0,2.0,FIFA World Cup,Saint-Étienne,France,True,1997,Netherlands,1941.0,8.0,Mexico,1788.0,22.0,FIFA World Cup,True,1998,1864.5,153.0,22.0,4.0,Official tournament match,21,0.0
1998-03-29,Colombia,Paraguay,1.0,1.0,Friendly,New Haven,United States,True,1997,Colombia,1768.0,23.0,Paraguay,1748.0,30.0,Friendly,True,1998,1758.0,20.0,30.0,2.0,Elite professional friendly,22,0.14859525345718988
1997-12-19,Uruguay,Australia,0.0,1.0,Confederations Cup,Riyadh,Saudi Arabia,True,1996,Uruguay,1769.0,23.0,Australia,1754.0,27.0,Confederations Cup,True,1997,1761.5,15.0,27.0,1.0,Official tournament match,22,0.14859525345718988
1998-05-31,Japan,Mexico,1.0,2.0,Friendly,Lausanne,Switzerland,True,1997,Japan,1758.0,25.0,Mexico,1788.0,22.0,Friendly,True,1998,1773.0,30.0,25.0,3.0,Elite professional friendly,23,0.05630548500574188
1998-06-13,South Korea,Mexico,1.0,3.0,FIFA World Cup,Lyon,France,True,1997,South Korea,1761.0,24.0,Mexico,1788.0,22.0,FIFA World Cup,True,1998,1774.5,27.0,24.0,4.0,Official tournament match,23,0.05630548500574188
1998-09-05,Germany,Romania,1.0,1.0,Friendly,Attard,Malta,True,1997,Germany,2071.0,2.0,Romania,1885.0,10.0,Friendly,True,1998,1978.0,186.0,10.0,2.0,Elite professional friendly,24,0.12752726032009318
1997-06-19,Brazil,Colombia,2.0,0.0,Copa América,Santa Cruz,Bolivia,True,1996,Brazil,2066.0,2.0,Colombia,1881.0,14.0,Copa America,True,1997,1973.5,185.0,14.0,2.0,Official tournament match,24,0.12752726032009318
1999-02-10,Mexico,Argentina,0.0,1.0,Friendly,Los Angeles,United States,True,1998,Mexico,1863.0,15.0,Argentina,1930.0,10.0,Friendly,True,1999,1896.5,67.0,15.0,1.0,Elite professional friendly,25,0.4532642883910613
2002-06-15,Denmark,England,0.0,3.0,FIFA World Cup,Niigata,Japan,True,2001,Denmark,1848.0,14.0,England,1932.0,7.0,FIFA World Cup,True,2002,1890.0,84.0,14.0,3.0,Official tournament match,25,0.4532642883910613
1999-02-10,Portugal,Netherlands,0.0,0.0,Friendly,Paris,France,True,1998,Portugal,1903.0,11.0,Netherlands,1995.0,4.0,Friendly,True,1999,1949.0,92.0,11.0,0.0,Elite professional friendly,26,0.21784675260968822
2000-06-13,Spain,Norway,0.0,1.0,UEFA Euro,Rotterdam,Netherlands,True,1999,Spain,2007.0,3.0,Norway,1906.0,13.0,UEFA Euro,True,2000,1956.5,101.0,13.0,1.0,Official tournament match,26,0.21784675260968822
1999-06-02,Ecuador,Iran,1.0,1.0,Friendly,Edmonton,Canada,True,1998,Ecuador,1751.0,26.0,Iran,1747.0,27.0,Friendly,True,1999,1749.0,4.0,27.0,2.0,Elite professional friendly,27,0.09189080810280334
1999-07-04,Uruguay,Ecuador,2.0,1.0,Copa América,Luque,Paraguay,True,1998,Uruguay,1758.0,24.0,Ecuador,1751.0,26.0,Copa America,True,1999,1754.5,7.0,26.0,3.0,Official tournament match,27,0.09189080810280334
1999-06-09,Mexico,Argentina,2.0,2.0,Friendly,Chicago,United States,True,1998,Mexico,1863.0,15.0,Argentina,1930.0,10.0,Friendly,True,1999,1896.5,67.0,15.0,4.0,Elite professional friendly,28,0.19414363043286018
1998-07-11,Netherlands,Croatia,1.0,2.0,FIFA World Cup,Paris,France,True,1997,Netherlands,1941.0,8.0,Croatia,1867.0,14.0,FIFA World Cup,True,1998,1904.0,74.0,14.0,3.0,Official tournament match,28,0.19414363043286018
1999-10-13,Mexico,Paraguay,0.0,1.0,Friendly,Chicago,United States,True,1998,Mexico,1863.0,15.0,Paraguay,1805.0,20.0,Friendly,True,1999,1834.0,58.0,20.0,1.0,Elite professional friendly,29,0.24065939773733655
1998-06-16,Scotland,Norway,1.0,1.0,FIFA World Cup,Bordeaux,France,True,1997,Scotland,1791.0,21.0,Norway,1859.0,15.0,FIFA World Cup,True,1998,1825.0,68.0,21.0,2.0,Official tournament match,29,0.24065939773733655
1999-10-20,Mexico,Colombia,0.0,0.0,Friendly,San Diego,United States,True,1998,Mexico,1863.0,15.0,Colombia,1739.0,28.0,Friendly,True,1999,1801.0,124.0,28.0,0.0,Elite professional friendly,30,0.3002959200306236
1999-06-30,Chile,Mexico,0.0,1.0,Copa América,Ciudad del Este,Paraguay,True,1998,Chile,1755.0,25.0,Mexico,1863.0,15.0,Copa America,True,1999,1809.0,108.0,25.0,1.0,Official tournament match,30,0.3002959200306236
1999-10-27,Mexico,Ecuador,0.0,0.0,Friendly,Houston,United States,True,1998,Mexico,1863.0,15.0,Ecuador,1751.0,26.0,Friendly,True,1999,1807.0,112.0,26.0,0.0,Elite professional friendly,31,0.07507398000765586
1999-07-17,Chile,Mexico,1.0,2.0,Copa América,Asunción,Paraguay,True,1998,Chile,1755.0,25.0,Mexico,1863.0,15.0,Copa America,True,1999,1809.0,108.0,25.0,3.0,Official tournament match,31,0.07507398000765586
2000-01-09,Mexico,Iran,2.0,1.0,Friendly,Oakland,United States,True,1999,Mexico,1906.0,13.0,Iran,1765.0,25.0,Friendly,True,2000,1835.5,141.0,25.0,3.0,Elite professional friendly,32,0.3615592724663074
2000-06-15,Sweden,Turkey,0.0,0.0,UEFA Euro,Eindhoven,Netherlands,True,1999,Sweden,1892.0,16.0,Turkey,1738.0,30.0,UEFA Euro,True,2000,1815.0,154.0,30.0,0.0,Official tournament match,32,0.3615592724663074
2000-12-20,Mexico,Argentina,0.0,2.0,Friendly,Los Angeles,United States,True,1999,Mexico,1906.0,13.0,Argentina,1935.0,7.0,Friendly,True,2000,1920.5,29.0,13.0,2.0,Elite professional friendly,33,0.08944854293735302
2000-06-24,Italy,Romania,2.0,0.0,UEFA Euro,Brussels,Belgium,True,1999,Italy,1928.0,8.0,Romania,1901.0,15.0,UEFA Euro,True,2000,1914.5,27.0,15.0,2.0,Official tournament match,33,0.08944854293735302
2001-01-31,Mexico,Colombia,2.0,3.0,Friendly,Los Angeles,United States,True,2000,Mexico,1825.0,17.0,Colombia,1762.0,26.0,Friendly,True,2001,1793.5,63.0,26.0,5.0,Elite professional friendly,34,0.15014796001531186
2001-07-25,Mexico,Uruguay,2.0,1.0,Copa América,Pereira,Colombia,True,2000,Mexico,1825.0,17.0,Uruguay,1754.0,29.0,Copa America,True,2001,1789.5,71.0,29.0,3.0,Official tournament match,34,0.15014796001531186
2002-03-26,South Korea,Turkey,0.0,0.0,Friendly,Bochum,Germany,True,2001,South Korea,1807.0,23.0,Turkey,1797.0,24.0,Friendly,True,2002,1802.0,10.0,24.0,0.0,Elite professional friendly,35,0.17440241391646957
2002-01-27,Mexico,South Korea,0.0,0.0,Gold Cup,Pasadena,United States,True,2001,Mexico,1808.0,22.0,South Korea,1807.0,23.0,Gold Cup,True,2002,1807.5,1.0,23.0,0.0,Official tournament match,35,0.17440241391646957
2002-05-26,Belgium,Costa Rica,1.0,0.0,Friendly,Kumamoto,Japan,True,2001,Belgium,1835.0,16.0,Costa Rica,1773.0,26.0,Friendly,True,2002,1804.0,62.0,26.0,1.0,Elite professional friendly,36,0.05630548500574198
2002-06-13,Costa Rica,Brazil,2.0,5.0,FIFA World Cup,Suwon,South Korea,True,2001,Costa Rica,1773.0,26.0,Brazil,1832.0,18.0,FIFA World Cup,True,2002,1802.5,59.0,26.0,7.0,Official tournament match,36,0.05630548500574198
2003-02-04,Mexico,Argentina,0.0,1.0,Friendly,Los Angeles,United States,True,2002,Mexico,1832.0,15.0,Argentina,1994.0,4.0,Friendly,True,2003,1913.0,162.0,15.0,1.0,Elite professional friendly,37,0.3141894095241557
2004-07-10,Argentina,Mexico,0.0,1.0,Copa América,Chiclayo,Peru,True,2003,Argentina,2017.0,2.0,Mexico,1848.0,13.0,Copa America,True,2004,1932.5,169.0,13.0,1.0,Official tournament match,37,0.3141894095241557
2003-02-12,Mexico,Colombia,0.0,0.0,Friendly,Phoenix,United States,True,2002,Mexico,1832.0,15.0,Colombia,1862.0,13.0,Friendly,True,2003,1847.0,30.0,15.0,0.0,Elite professional friendly,38,0.17147782112771415
2002-06-30,Germany,Brazil,0.0,2.0,FIFA World Cup,Yokohama,Japan,True,2001,Germany,1869.0,11.0,Brazil,1832.0,18.0,FIFA World Cup,True,2002,1850.5,37.0,18.0,2.0,Official tournament match,38,0.17147782112771415
2003-04-30,Honduras,Colombia,0.0,0.0,Friendly,Miami,United States,True,2002,Honduras,1768.0,30.0,Colombia,1862.0,13.0,Friendly,True,2003,1815.0,94.0,30.0,0.0,Elite professional friendly,39,0.4211807990355072
2002-06-21,Germany,United States,1.0,0.0,FIFA World Cup,Ulsan,South Korea,True,2001,Germany,1869.0,11.0,United States,1752.0,30.0,FIFA World Cup,True,2002,1810.5,117.0,30.0,1.0,Official tournament match,39,0.4211807990355072
2003-10-15,Mexico,Uruguay,0.0,2.0,Friendly,Chicago,United States,True,2002,Mexico,1832.0,15.0,Uruguay,1788.0,26.0,Friendly,True,2003,1810.0,44.0,26.0,2.0,Elite professional friendly,40,0.20168502197012095
2002-06-03,Brazil,Turkey,2.0,1.0,FIFA World Cup,Ulsan,South Korea,True,2001,Brazil,1832.0,18.0,Turkey,1797.0,24.0,FIFA World Cup,True,2002,1814.5,35.0,24.0,3.0,Official tournament match,40,0.20168502197012095
2005-01-26,Mexico,Sweden,0.0,0.0,Friendly,San Diego,United States,True,2004,Mexico,1886.0,10.0,Sweden,1872.0,13.0,Friendly,True,2005,1879.0,14.0,13.0,0.0,Elite professional friendly,41,0.22522194002296778
2005-06-22,Greece,Mexico,0.0,0.0,Confederations Cup,Frankfurt,Germany,True,2004,Greece,1884.0,11.0,Mexico,1886.0,10.0,Confederations Cup,True,2005,1885.0,2.0,11.0,0.0,Official tournament match,41,0.22522194002296778
2005-03-09,Mexico,Argentina,1.0,1.0,Friendly,Los Angeles,United States,True,2004,Mexico,1886.0,10.0,Argentina,2028.0,1.0,Friendly,True,2005,1957.0,142.0,10.0,2.0,Elite professional friendly,42,0.0
2005-06-26,Mexico,Argentina,1.0,1.0,Confederations Cup,Hanover,Germany,True,2004,Mexico,1886.0,10.0,Argentina,2028.0,1.0,Confederations Cup,True,2005,1957.0,142.0,10.0,2.0,Official tournament match,42,0.0
2005-04-27,Mexico,Poland,1.0,1.0,Friendly,Chicago,United States,True,2004,Mexico,1886.0,10.0,Poland,1802.0,22.0,Friendly,True,2005,1844.0,84.0,22.0,2.0,Elite professional friendly,43,0.018768495001913993
2005-07-17,Mexico,Colombia,1.0,2.0,Gold Cup,Houston,United States,True,2004,Mexico,1886.0,10.0,Colombia,1801.0,23.0,Gold Cup,True,2005,1843.5,85.0,23.0,3.0,Official tournament match,43,0.018768495001913993
2005-05-31,Colombia,England,2.0,3.0,Friendly,East Rutherford,United States,True,2004,Colombia,1801.0,23.0,England,1977.0,4.0,Friendly,True,2005,1889.0,176.0,23.0,5.0,Elite professional friendly,44,0.1800787865438214
2004-07-01,Greece,Czech Republic,1.0,0.0,UEFA Euro,Porto,Portugal,True,2003,Greece,1795.0,22.0,Czechia,1979.0,6.0,UEFA Euro,True,2004,1887.0,184.0,22.0,1.0,Official tournament match,44,0.1800787865438214
2005-11-12,England,Argentina,3.0,2.0,Friendly,Geneva,Switzerland,True,2004,England,1977.0,4.0,Argentina,2028.0,1.0,Friendly,True,2005,2002.5,51.0,4.0,5.0,Elite professional friendly,45,0.07507398000765594
2005-06-29,Brazil,Argentina,4.0,1.0,Confederations Cup,Frankfurt,Germany,True,2004,Brazil,1973.0,5.0,Argentina,2028.0,1.0,Confederations Cup,True,2005,2000.5,55.0,5.0,5.0,Official tournament match,45,0.07507398000765594
2006-01-25,Mexico,Norway,2.0,1.0,Friendly,San Francisco,United States,True,2005,Mexico,1834.0,18.0,Norway,1767.0,29.0,Friendly,True,2006,1800.5,67.0,29.0,3.0,Elite professional friendly,46,0.4284704764497768
2004-07-18,Paraguay,Uruguay,1.0,3.0,Copa América,Tacna,Peru,True,2003,Paraguay,1792.0,23.0,Uruguay,1862.0,12.0,Copa America,True,2004,1827.0,70.0,23.0,4.0,Official tournament match,46,0.4284704764497768
2006-03-01,Argentina,Croatia,2.0,3.0,Friendly,Basel,Switzerland,True,2005,Argentina,1932.0,8.0,Croatia,1863.0,13.0,Friendly,True,2006,1897.5,69.0,13.0,5.0,Elite professional friendly,47,0.29265751752728175
2008-06-19,Portugal,Germany,2.0,3.0,UEFA Euro,Basel,Switzerland,True,2007,Portugal,1878.0,13.0,Germany,1944.0,8.0,UEFA Euro,True,2008,1911.0,66.0,13.0,5.0,Official tournament match,47,0.29265751752728175
2006-03-01,Poland,United States,0.0,1.0,Friendly,Kaiserslautern,Germany,True,2005,Poland,1847.0,15.0,United States,1840.0,17.0,Friendly,True,2006,1843.5,7.0,17.0,1.0,Elite professional friendly,48,0.34907093000935363
2007-07-14,Mexico,Uruguay,3.0,1.0,Copa América,Caracas,Venezuela,True,2006,Mexico,1817.0,19.0,Uruguay,1822.0,18.0,Copa America,True,2007,1819.5,5.0,19.0,4.0,Official tournament match,48,0.34907093000935363
2006-03-29,Mexico,Paraguay,2.0,1.0,Friendly,Chicago,United States,True,2005,Mexico,1834.0,18.0,Paraguay,1777.0,26.0,Friendly,True,2006,1805.5,57.0,26.0,3.0,Elite professional friendly,49,0.31116444178098646
2006-06-12,Australia,Japan,3.0,1.0,FIFA World Cup,Kaiserslautern,Germany,True,2005,Australia,1768.0,28.0,Japan,1812.0,21.0,FIFA World Cup,True,2006,1790.0,44.0,28.0,4.0,Official tournament match,49,0.31116444178098646
2006-05-23,Romania,Uruguay,0.0,2.0,Friendly,Los Angeles,United States,True,2005,Romania,1855.0,14.0,Uruguay,1821.0,20.0,Friendly,True,2006,1838.0,34.0,20.0,2.0,Elite professional friendly,50,0.3132017578793439
2006-06-11,Mexico,Iran,3.0,1.0,FIFA World Cup,Nuremberg,Germany,True,2005,Mexico,1834.0,18.0,Iran,1797.0,23.0,FIFA World Cup,True,2006,1815.5,37.0,23.0,4.0,Official tournament match,50,0.3132017578793439
2006-05-27,Romania,Colombia,0.0,0.0,Friendly,Chicago,United States,True,2005,Romania,1855.0,14.0,Colombia,1763.0,30.0,Friendly,True,2006,1809.0,92.0,30.0,0.0,Elite professional friendly,51,0.10346033278001966
2006-06-22,Croatia,Australia,2.0,2.0,FIFA World Cup,Stuttgart,Germany,True,2005,Croatia,1863.0,13.0,Australia,1768.0,28.0,FIFA World Cup,True,2006,1815.5,95.0,28.0,4.0,Official tournament match,51,0.10346033278001966
2006-06-02,Italy,Ukraine,0.0,0.0,Friendly,Lausanne,Switzerland,True,2005,Italy,1941.0,7.0,Ukraine,1775.0,27.0,Friendly,True,2006,1858.0,166.0,27.0,0.0,Elite professional friendly,52,0.0
2006-06-30,Italy,Ukraine,3.0,0.0,FIFA World Cup,Hamburg,Germany,True,2005,Italy,1941.0,7.0,Ukraine,1775.0,27.0,FIFA World Cup,True,2006,1858.0,166.0,27.0,3.0,Official tournament match,52,0.0
2006-06-03,Croatia,Poland,0.0,1.0,Friendly,Wolfsburg,Germany,True,2005,Croatia,1863.0,13.0,Poland,1847.0,15.0,Friendly,True,2006,1855.0,16.0,15.0,1.0,Elite professional friendly,53,0.22315241326081095
2004-07-07,Mexico,Uruguay,2.0,2.0,Copa América,Chiclayo,Peru,True,2003,Mexico,1848.0,13.0,Uruguay,1862.0,12.0,Copa America,True,2004,1855.0,14.0,13.0,4.0,Official tournament match,53,0.22315241326081095
2006-06-07,Spain,Croatia,2.0,1.0,Friendly,Geneva,Switzerland,True,2005,Spain,1958.0,6.0,Croatia,1863.0,13.0,Friendly,True,2006,1910.5,95.0,13.0,3.0,Elite professional friendly,54,0.2900921505557176
2005-06-16,Brazil,Greece,3.0,0.0,Confederations Cup,Leipzig,Germany,True,2004,Brazil,1973.0,5.0,Greece,1884.0,11.0,Confederations Cup,True,2005,1928.5,89.0,11.0,3.0,Official tournament match,54,0.2900921505557176
2006-09-03,Argentina,Brazil,0.0,3.0,Friendly,London,England,True,2005,Argentina,1932.0,8.0,Brazil,2028.0,1.0,Friendly,True,2006,1980.0,96.0,8.0,3.0,Elite professional friendly,55,0.33369928381893327
2008-06-09,Netherlands,Italy,3.0,0.0,UEFA Euro,Bern,Switzerland,True,2007,Netherlands,1948.0,6.0,Italy,2032.0,2.0,UEFA Euro,True,2008,1990.0,84.0,6.0,3.0,Official tournament match,55,0.33369928381893327
2007-02-06,Australia,Denmark,1.0,3.0,Friendly,London,England,True,2006,Australia,1764.0,30.0,Denmark,1902.0,8.0,Friendly,True,2007,1833.0,138.0,30.0,4.0,Elite professional friendly,56,0.2555728169129254
2006-06-15,Sweden,Paraguay,1.0,0.0,FIFA World Cup,Berlin,Germany,True,2005,Sweden,1903.0,10.0,Paraguay,1777.0,26.0,FIFA World Cup,True,2006,1840.0,126.0,26.0,1.0,Official tournament match,56,0.2555728169129254
2007-02-06,Portugal,Brazil,2.0,0.0,Friendly,London,England,True,2006,Portugal,1895.0,10.0,Brazil,2080.0,1.0,Friendly,True,2007,1987.5,185.0,10.0,2.0,Elite professional friendly,57,0.6112818863483866
2003-07-19,Colombia,Brazil,0.0,2.0,Gold Cup,Miami,United States,True,2002,Colombia,1862.0,13.0,Brazil,2058.0,1.0,Gold Cup,True,2003,1960.0,196.0,13.0,2.0,Official tournament match,57,0.6112818863483866
2007-03-25,Colombia,Switzerland,3.0,1.0,Friendly,Miami,United States,True,2006,Colombia,1790.0,21.0,Switzerland,1847.0,15.0,Friendly,True,2007,1818.5,57.0,21.0,4.0,Elite professional friendly,58,0.3018644706983089
2006-06-18,Japan,Croatia,0.0,0.0,FIFA World Cup,Nuremberg,Germany,True,2005,Japan,1812.0,21.0,Croatia,1863.0,13.0,FIFA World Cup,True,2006,1837.5,51.0,21.0,0.0,Official tournament match,58,0.3018644706983089
2007-08-22,Mexico,Colombia,0.0,1.0,Friendly,Commerce City,United States,True,2006,Mexico,1817.0,19.0,Colombia,1790.0,21.0,Friendly,True,2007,1803.5,27.0,21.0,1.0,Elite professional friendly,59,0.28209294136650537
2008-06-10,Greece,Sweden,0.0,2.0,UEFA Euro,Salzburg,Austria,True,2007,Greece,1836.0,16.0,Sweden,1799.0,20.0,UEFA Euro,True,2008,1817.5,37.0,20.0,2.0,Official tournament match,59,0.28209294136650537
2007-11-17,Australia,Nigeria,1.0,0.0,Friendly,London,England,True,2006,Australia,1764.0,30.0,Nigeria,1784.0,23.0,Friendly,True,2007,1774.0,20.0,30.0,1.0,Elite professional friendly,60,0.1457294385645388
2007-07-05,Colombia,United States,1.0,0.0,Copa América,Barquisimeto,Venezuela,True,2006,Colombia,1790.0,21.0,United States,1775.0,25.0,Copa America,True,2007,1782.5,15.0,25.0,1.0,Official tournament match,60,0.1457294385645388
2008-02-06,Czech Republic,Poland,0.0,2.0,Friendly,Larnaca,Cyprus,True,2007,Czechia,1945.0,7.0,Poland,1782.0,24.0,Friendly,True,2008,1863.5,163.0,24.0,2.0,Elite professional friendly,61,0.01876849500191404
2008-06-08,Germany,Poland,2.0,0.0,UEFA Euro,Klagenfurt,Austria,True,2007,Germany,1944.0,8.0,Poland,1782.0,24.0,UEFA Euro,True,2008,1863.0,162.0,24.0,2.0,Official tournament match,61,0.01876849500191404
2008-02-06,Italy,Portugal,3.0,1.0,Friendly,Zürich,Switzerland,True,2007,Italy,2032.0,2.0,Portugal,1878.0,13.0,Friendly,True,2008,1955.0,154.0,13.0,4.0,Elite professional friendly,62,0.3201561204051844
2006-06-13,Brazil,Croatia,1.0,0.0,FIFA World Cup,Berlin,Germany,True,2005,Brazil,2028.0,1.0,Croatia,1863.0,13.0,FIFA World Cup,True,2006,1945.5,165.0,13.0,1.0,Official tournament match,62,0.3201561204051844
2008-03-26,Ghana,Mexico,1.0,2.0,Friendly,London,England,True,2007,Ghana,1762.0,30.0,Mexico,1883.0,12.0,Friendly,True,2008,1822.5,121.0,30.0,3.0,Elite professional friendly,63,0.26028216765672435
2008-06-16,Poland,Croatia,0.0,1.0,UEFA Euro,Klagenfurt,Austria,True,2007,Poland,1782.0,24.0,Croatia,1895.0,11.0,UEFA Euro,True,2008,1838.5,113.0,24.0,1.0,Official tournament match,63,0.26028216765672435
2008-03-26,Portugal,Greece,1.0,2.0,Friendly,Düsseldorf,Germany,True,2007,Portugal,1878.0,13.0,Greece,1836.0,16.0,Friendly,True,2008,1857.0,42.0,16.0,3.0,Elite professional friendly,64,0.35464518191638233
2005-06-16,Japan,Mexico,1.0,2.0,Confederations Cup,Hanover,Germany,True,2004,Japan,1846.0,16.0,Mexico,1886.0,10.0,Confederations Cup,True,2005,1866.0,40.0,16.0,3.0,Official tournament match,64,0.35464518191638233
2008-05-25,Turkey,Uruguay,2.0,3.0,Friendly,Bochum,Germany,True,2007,Turkey,1815.0,18.0,Uruguay,1796.0,21.0,Friendly,True,2008,1805.5,19.0,21.0,5.0,Elite professional friendly,65,0.21599156213117565
2008-06-18,Russia,Sweden,2.0,0.0,UEFA Euro,Innsbruck,Austria,True,2007,Russia,1788.0,23.0,Sweden,1799.0,20.0,UEFA Euro,True,2008,1793.5,11.0,23.0,2.0,Official tournament match,65,0.21599156213117565
2008-05-29,Republic of Ireland,Colombia,1.0,0.0,Friendly,London,England,True,2007,Ireland,1771.0,28.0,Colombia,1839.0,15.0,Friendly,True,2008,1805.0,68.0,28.0,1.0,Elite professional friendly,66,0.3623493514728455
2008-06-14,Greece,Russia,0.0,1.0,UEFA Euro,Salzburg,Austria,True,2007,Greece,1836.0,16.0,Russia,1788.0,23.0,UEFA Euro,True,2008,1812.0,48.0,23.0,1.0,Official tournament match,66,0.3623493514728455
2008-06-04,Mexico,Argentina,1.0,4.0,Friendly,San Diego,United States,True,2007,Mexico,1883.0,12.0,Argentina,2012.0,4.0,Friendly,True,2008,1947.5,129.0,12.0,5.0,Elite professional friendly,67,0.5266542255540005
2004-07-21,Uruguay,Brazil,1.0,1.0,Copa América,Lima,Peru,True,2003,Uruguay,1862.0,12.0,Brazil,1991.0,4.0,Copa America,True,2004,1926.5,129.0,12.0,2.0,Official tournament match,67,0.5266542255540005
2009-01-28,Mexico,Sweden,0.0,1.0,Friendly,Oakland,United States,True,2008,Mexico,1834.0,14.0,Sweden,1759.0,30.0,Friendly,True,2009,1796.5,75.0,30.0,1.0,Elite professional friendly,68,0.5582141386790179
2014-06-19,Japan,Greece,0.0,0.0,FIFA World Cup,Natal,Brazil,True,2013,Japan,1764.0,25.0,Greece,1841.0,16.0,FIFA World Cup,True,2014,1802.5,77.0,25.0,0.0,Official tournament match,68,0.5582141386790179
2009-02-10,Brazil,Italy,2.0,0.0,Friendly,London,England,True,2008,Brazil,2017.0,3.0,Italy,2005.0,4.0,Friendly,True,2009,2011.0,12.0,4.0,2.0,Elite professional friendly,69,0.0
2009-06-21,Italy,Brazil,0.0,3.0,Confederations Cup,Pretoria,South Africa,True,2008,Italy,2005.0,4.0,Brazil,2017.0,3.0,Confederations Cup,True,2009,2011.0,12.0,4.0,3.0,Official tournament match,69,0.0
2009-11-14,Brazil,England,1.0,0.0,Friendly,Doha,Qatar,True,2008,Brazil,2017.0,3.0,England,1987.0,5.0,Friendly,True,2009,2002.0,30.0,5.0,1.0,Elite professional friendly,70,0.3580795990285731
2008-06-17,France,Italy,0.0,2.0,UEFA Euro,Zürich,Switzerland,True,2007,France,2013.0,3.0,Italy,2032.0,2.0,UEFA Euro,True,2008,2022.5,19.0,3.0,2.0,Official tournament match,70,0.3580795990285731
2010-03-03,Italy,Cameroon,0.0,0.0,Friendly,Monaco,Monaco,True,2009,Italy,1957.0,6.0,Cameroon,1774.0,25.0,Friendly,True,2010,1865.5,183.0,25.0,0.0,Elite professional friendly,71,0.290335196756101
2008-06-10,Spain,Russia,4.0,1.0,UEFA Euro,Innsbruck,Austria,True,2007,Spain,1964.0,5.0,Russia,1788.0,23.0,UEFA Euro,True,2008,1876.0,176.0,23.0,5.0,Official tournament match,71,0.290335196756101
2010-05-26,Netherlands,Mexico,2.0,1.0,Friendly,Freiburg,Germany,True,2009,Netherlands,2032.0,3.0,Mexico,1891.0,8.0,Friendly,True,2010,1961.5,141.0,8.0,3.0,Elite professional friendly,72,0.4352917172434536
2008-06-13,Italy,Romania,1.0,1.0,UEFA Euro,Zürich,Switzerland,True,2007,Italy,2032.0,2.0,Romania,1911.0,9.0,UEFA Euro,True,2008,1971.5,121.0,9.0,2.0,Official tournament match,72,0.4352917172434536
2010-05-30,Japan,England,1.0,2.0,Friendly,Graz,Austria,True,2009,Japan,1789.0,19.0,England,1985.0,4.0,Friendly,True,2010,1887.0,196.0,19.0,3.0,Elite professional friendly,73,0.2627589300267957
2010-06-12,England,United States,1.0,1.0,FIFA World Cup,Rustenburg,South Africa,True,2009,England,1985.0,4.0,United States,1803.0,17.0,FIFA World Cup,True,2010,1894.0,182.0,17.0,2.0,Official tournament match,73,0.2627589300267957
2010-05-30,Paraguay,Ivory Coast,2.0,2.0,Friendly,Thonon-les-Bains,France,True,2009,Paraguay,1760.0,29.0,Ivory Coast,1762.0,28.0,Friendly,True,2010,1761.0,2.0,29.0,4.0,Elite professional friendly,74,0.3406085381479655
2011-01-29,Australia,Japan,0.0,1.0,AFC Asian Cup,Doha,Qatar,True,2010,Australia,1776.0,22.0,Japan,1787.0,18.0,AFC Asian Cup,True,2011,1781.5,11.0,22.0,1.0,Official tournament match,74,0.3406085381479655
2010-06-01,Australia,Denmark,1.0,0.0,Friendly,Roodepoort,South Africa,True,2009,Australia,1789.0,19.0,Denmark,1810.0,16.0,Friendly,True,2010,1799.5,21.0,19.0,1.0,Elite professional friendly,75,0.0
2010-06-24,Denmark,Japan,1.0,3.0,FIFA World Cup,Rustenburg,South Africa,True,2009,Denmark,1810.0,16.0,Japan,1789.0,19.0,FIFA World Cup,True,2010,1799.5,21.0,19.0,4.0,Official tournament match,75,0.0
2010-06-02,Greece,Paraguay,0.0,2.0,Friendly,Winterthur,Switzerland,True,2009,Greece,1783.0,22.0,Paraguay,1760.0,29.0,Friendly,True,2010,1771.5,23.0,29.0,2.0,Elite professional friendly,76,0.19587048989810307
2010-06-14,Japan,Cameroon,1.0,0.0,FIFA World Cup,Bloemfontein,South Africa,True,2009,Japan,1789.0,19.0,Cameroon,1774.0,25.0,FIFA World Cup,True,2010,1781.5,15.0,25.0,1.0,Official tournament match,76,0.19587048989810307
2010-06-03,Italy,Mexico,1.0,2.0,Friendly,Brussels,Belgium,True,2009,Italy,1957.0,6.0,Mexico,1891.0,8.0,Friendly,True,2010,1924.0,66.0,8.0,3.0,Elite professional friendly,77,0.06861911549096844
2010-07-03,Argentina,Germany,0.0,4.0,FIFA World Cup,Cape Town,South Africa,True,2009,Argentina,1896.0,7.0,Germany,1962.0,5.0,FIFA World Cup,True,2010,1929.0,66.0,7.0,4.0,Official tournament match,77,0.06861911549096844
2010-06-04,Japan,Ivory Coast,0.0,2.0,Friendly,Sion,Switzerland,True,2009,Japan,1789.0,19.0,Ivory Coast,1762.0,28.0,Friendly,True,2010,1775.5,27.0,28.0,2.0,Elite professional friendly,78,0.03753699000382784
2010-06-29,Paraguay,Japan,0.0,0.0,FIFA World Cup,Pretoria,South Africa,True,2009,Paraguay,1760.0,29.0,Japan,1789.0,19.0,FIFA World Cup,True,2010,1774.5,29.0,29.0,0.0,Official tournament match,78,0.03753699000382784
2010-06-05,Australia,United States,1.0,3.0,Friendly,Roodepoort,South Africa,True,2009,Australia,1789.0,19.0,United States,1803.0,17.0,Friendly,True,2010,1796.0,14.0,19.0,4.0,Elite professional friendly,79,0.2948585526297816
2012-06-08,Russia,Czech Republic,4.0,1.0,UEFA Euro,Wrocław,Poland,True,2011,Russia,1817.0,17.0,Czechia,1795.0,20.0,UEFA Euro,True,2012,1806.0,22.0,20.0,5.0,Official tournament match,79,0.2948585526297816
2010-08-10,Italy,Ivory Coast,0.0,1.0,Friendly,London,England,True,2009,Italy,1957.0,6.0,Ivory Coast,1762.0,28.0,Friendly,True,2010,1859.5,195.0,28.0,1.0,Elite professional friendly,80,0.03753699000382808
2010-06-14,Italy,Paraguay,1.0,1.0,FIFA World Cup,Cape Town,South Africa,True,2009,Italy,1957.0,6.0,Paraguay,1760.0,29.0,FIFA World Cup,True,2010,1858.5,197.0,29.0,2.0,Official tournament match,80,0.03753699000382808
2010-11-17,Italy,Romania,1.0,1.0,Friendly,Klagenfurt,Austria,True,2009,Italy,1957.0,6.0,Romania,1775.0,24.0,Friendly,True,2010,1866.0,182.0,24.0,2.0,Elite professional friendly,81,0.20424691235297168
2010-06-13,Germany,Australia,4.0,0.0,FIFA World Cup,Durban,South Africa,True,2009,Germany,1962.0,5.0,Australia,1789.0,19.0,FIFA World Cup,True,2010,1875.5,173.0,19.0,4.0,Official tournament match,81,0.20424691235297168
2011-02-09,Argentina,Portugal,2.0,1.0,Friendly,Geneva,Switzerland,True,2010,Argentina,1992.0,5.0,Portugal,1898.0,8.0,Friendly,True,2011,1945.0,94.0,8.0,3.0,Elite professional friendly,82,0.42808743286600387
2008-06-09,Romania,France,0.0,0.0,UEFA Euro,Zürich,Switzerland,True,2007,Romania,1911.0,9.0,France,2013.0,3.0,UEFA Euro,True,2008,1962.0,102.0,9.0,0.0,Official tournament match,82,0.42808743286600387
2011-03-26,Mexico,Paraguay,3.0,1.0,Friendly,Oakland,United States,True,2010,Mexico,1846.0,11.0,Paraguay,1785.0,19.0,Friendly,True,2011,1815.5,61.0,19.0,4.0,Elite professional friendly,83,0.32272639741609355
2010-06-23,Australia,Serbia,2.0,1.0,FIFA World Cup,Nelspruit,South Africa,True,2009,Australia,1789.0,19.0,Serbia,1833.0,14.0,FIFA World Cup,True,2010,1811.0,44.0,19.0,3.0,Official tournament match,83,0.32272639741609355
2011-03-29,Colombia,Chile,0.0,2.0,Friendly,The Hague,Netherlands,True,2010,Colombia,1764.0,24.0,Chile,1893.0,9.0,Friendly,True,2011,1828.5,129.0,24.0,2.0,Elite professional friendly,84,0.33623992648565654
2010-06-22,Greece,Argentina,0.0,2.0,FIFA World Cup,Polokwane,South Africa,True,2009,Greece,1783.0,22.0,Argentina,1896.0,7.0,FIFA World Cup,True,2010,1839.5,113.0,22.0,2.0,Official tournament match,84,0.33623992648565654
2011-09-04,Mexico,Chile,1.0,0.0,Friendly,Barcelona,Spain,True,2010,Mexico,1846.0,11.0,Chile,1893.0,9.0,Friendly,True,2011,1869.5,47.0,11.0,1.0,Elite professional friendly,85,0.0
2011-07-04,Chile,Mexico,2.0,1.0,Copa América,San Juan,Argentina,True,2010,Chile,1893.0,9.0,Mexico,1846.0,11.0,Copa America,True,2011,1869.5,47.0,11.0,3.0,Official tournament match,85,0.0
2012-02-29,Chile,Ghana,1.0,1.0,Friendly,Chester,United States,True,2011,Chile,1885.0,11.0,Ghana,1775.0,24.0,Friendly,True,2012,1830.0,110.0,24.0,2.0,Elite professional friendly,86,0.16881474871399582
2011-07-24,Uruguay,Paraguay,3.0,0.0,Copa América,Buenos Aires,Argentina,True,2010,Uruguay,1892.0,10.0,Paraguay,1785.0,19.0,Copa America,True,2011,1838.5,107.0,19.0,3.0,Official tournament match,86,0.16881474871399582
2012-02-29,Mexico,Colombia,0.0,2.0,Friendly,Miami Gardens,United States,True,2011,Mexico,1865.0,12.0,Colombia,1768.0,26.0,Friendly,True,2012,1816.5,97.0,26.0,2.0,Elite professional friendly,87,0.39297672052061394
2010-06-21,Chile,Switzerland,1.0,0.0,FIFA World Cup,Port Elizabeth,South Africa,True,2009,Chile,1880.0,11.0,Switzerland,1793.0,18.0,FIFA World Cup,True,2010,1836.5,87.0,18.0,1.0,Official tournament match,87,0.39297672052061394
2012-06-01,Italy,Russia,0.0,3.0,Friendly,Zürich,Switzerland,True,2011,Italy,1886.0,10.0,Russia,1817.0,17.0,Friendly,True,2012,1851.5,69.0,17.0,3.0,Elite professional friendly,88,0.19976074112558986
2012-06-13,Denmark,Portugal,2.0,3.0,UEFA Euro,Lviv,Ukraine,True,2011,Denmark,1831.0,15.0,Portugal,1901.0,8.0,UEFA Euro,True,2012,1866.0,70.0,15.0,5.0,Official tournament match,88,0.19976074112558986
2012-06-03,Mexico,Brazil,2.0,0.0,Friendly,Arlington,United States,True,2011,Mexico,1865.0,12.0,Brazil,2064.0,4.0,Friendly,True,2012,1964.5,199.0,12.0,2.0,Elite professional friendly,89,0.27269778650452287
2012-06-28,Germany,Italy,1.0,2.0,UEFA Euro,Warsaw,Poland,True,2011,Germany,2082.0,2.0,Italy,1886.0,10.0,UEFA Euro,True,2012,1984.0,196.0,10.0,3.0,Official tournament match,89,0.27269778650452287
2012-06-09,Brazil,Argentina,3.0,4.0,Friendly,East Rutherford,United States,True,2011,Brazil,2064.0,4.0,Argentina,1915.0,7.0,Friendly,True,2012,1989.5,149.0,7.0,7.0,Elite professional friendly,90,0.35714758378641615
2014-06-16,Germany,Portugal,4.0,0.0,FIFA World Cup,Salvador,Brazil,True,2013,Germany,2086.0,3.0,Portugal,1931.0,8.0,FIFA World Cup,True,2014,2008.5,155.0,8.0,4.0,Official tournament match,90,0.35714758378641615
2012-08-15,Ecuador,Chile,3.0,0.0,Friendly,New York,United States,True,2011,Ecuador,1777.0,23.0,Chile,1885.0,11.0,Friendly,True,2012,1831.0,108.0,23.0,3.0,Elite professional friendly,91,0.23590655332681132
2012-06-21,Czech Republic,Portugal,0.0,1.0,UEFA Euro,Warsaw,Poland,True,2011,Czechia,1795.0,20.0,Portugal,1901.0,8.0,UEFA Euro,True,2012,1848.0,106.0,20.0,1.0,Official tournament match,91,0.23590655332681132
2012-08-15,England,Italy,2.0,1.0,Friendly,Bern,Switzerland,True,2011,England,1955.0,6.0,Italy,1886.0,10.0,Friendly,True,2012,1920.5,69.0,10.0,3.0,Elite professional friendly,92,0.0
2012-06-24,England,Italy,0.0,0.0,UEFA Euro,Kyiv,Ukraine,True,2011,England,1955.0,6.0,Italy,1886.0,10.0,UEFA Euro,True,2012,1920.5,69.0,10.0,0.0,Official tournament match,92,0.0
2013-02-06,Croatia,South Korea,4.0,0.0,Friendly,London,England,True,2012,Croatia,1880.0,14.0,South Korea,1762.0,27.0,Friendly,True,2013,1821.0,118.0,27.0,4.0,Elite professional friendly,93,0.4121450226473306
2016-06-17,Italy,Sweden,1.0,0.0,UEFA Euro,Toulouse,France,True,2015,Italy,1871.0,15.0,Sweden,1767.0,27.0,UEFA Euro,True,2016,1819.0,104.0,27.0,1.0,Official tournament match,93,0.4121450226473306
2013-02-06,Romania,Australia,3.0,2.0,Friendly,Málaga,Spain,True,2012,Romania,1754.0,29.0,Australia,1774.0,25.0,Friendly,True,2013,1764.0,20.0,29.0,5.0,Elite professional friendly,94,0.33630095578886027
2011-01-14,Australia,South Korea,1.0,1.0,AFC Asian Cup,Doha,Qatar,True,2010,Australia,1776.0,22.0,South Korea,1742.0,28.0,AFC Asian Cup,True,2011,1759.0,34.0,28.0,2.0,Official tournament match,94,0.33630095578886027
2013-03-21,Italy,Brazil,2.0,2.0,Friendly,Geneva,Switzerland,True,2012,Italy,1911.0,8.0,Brazil,2060.0,2.0,Friendly,True,2013,1985.5,149.0,8.0,4.0,Elite professional friendly,95,0.267370867310051
2015-06-16,Argentina,Uruguay,1.0,0.0,Copa América,La Serena,Chile,True,2014,Argentina,2050.0,2.0,Uruguay,1908.0,11.0,Copa America,True,2015,1979.0,142.0,11.0,1.0,Official tournament match,95,0.267370867310051
2013-03-25,Russia,Brazil,1.0,1.0,Friendly,London,England,True,2012,Russia,1887.0,13.0,Brazil,2060.0,2.0,Friendly,True,2013,1973.5,173.0,13.0,2.0,Elite professional friendly,96,0.30446384333917187
2012-06-09,Germany,Portugal,1.0,0.0,UEFA Euro,Lviv,Ukraine,True,2011,Germany,2082.0,2.0,Portugal,1901.0,8.0,UEFA Euro,True,2012,1991.5,181.0,8.0,1.0,Official tournament match,96,0.30446384333917187
2013-06-10,Croatia,Portugal,0.0,1.0,Friendly,Geneva,Switzerland,True,2012,Croatia,1880.0,14.0,Portugal,1904.0,10.0,Friendly,True,2013,1892.0,24.0,14.0,1.0,Elite professional friendly,97,0.3530125527397457
2012-06-14,Italy,Croatia,1.0,1.0,UEFA Euro,Poznań,Poland,True,2011,Italy,1886.0,10.0,Croatia,1891.0,9.0,UEFA Euro,True,2012,1888.5,5.0,10.0,2.0,Official tournament match,97,0.3530125527397457
2013-08-14,Mexico,Ivory Coast,4.0,1.0,Friendly,East Rutherford,United States,True,2012,Mexico,1916.0,7.0,Ivory Coast,1838.0,17.0,Friendly,True,2013,1877.0,78.0,17.0,5.0,Elite professional friendly,98,0.2948471989857211
2013-06-19,Italy,Japan,4.0,3.0,Confederations Cup,Recife,Brazil,True,2012,Italy,1911.0,8.0,Japan,1819.0,20.0,Confederations Cup,True,2013,1865.0,92.0,20.0,7.0,Official tournament match,98,0.2948471989857211
2013-09-10,Brazil,Portugal,3.0,1.0,Friendly,Foxborough,United States,True,2012,Brazil,2060.0,2.0,Portugal,1904.0,10.0,Friendly,True,2013,1982.0,156.0,10.0,4.0,Elite professional friendly,99,0.22415812406029498
2012-06-17,Portugal,Netherlands,2.0,1.0,UEFA Euro,Kharkiv,Ukraine,True,2011,Portugal,1901.0,8.0,Netherlands,2068.0,3.0,UEFA Euro,True,2012,1984.5,167.0,8.0,3.0,Official tournament match,99,0.22415812406029498
2013-11-15,Argentina,Ecuador,0.0,0.0,Friendly,East Rutherford,United States,True,2012,Argentina,2014.0,4.0,Ecuador,1849.0,16.0,Friendly,True,2013,1931.5,165.0,16.0,0.0,Elite professional friendly,100,0.13676463987808685
2014-07-01,Argentina,Switzerland,1.0,0.0,FIFA World Cup,São Paulo,Brazil,True,2013,Argentina,2020.0,4.0,Switzerland,1852.0,14.0,FIFA World Cup,True,2014,1936.0,168.0,14.0,1.0,Official tournament match,100,0.13676463987808685
2013-11-16,Netherlands,Japan,2.0,2.0,Friendly,Genk,Belgium,True,2012,Netherlands,1997.0,5.0,Japan,1819.0,20.0,Friendly,True,2013,1908.0,178.0,20.0,4.0,Elite professional friendly,101,0.3141894095241558
2014-07-05,Argentina,Belgium,1.0,0.0,FIFA World Cup,Brasília,Brazil,True,2013,Argentina,2020.0,4.0,Belgium,1835.0,18.0,FIFA World Cup,True,2014,1927.5,185.0,18.0,1.0,Official tournament match,101,0.3141894095241558
2013-11-19,Russia,South Korea,2.0,1.0,Friendly,Dubai,United Arab Emirates,True,2012,Russia,1887.0,13.0,South Korea,1762.0,27.0,Friendly,True,2013,1824.5,125.0,27.0,3.0,Elite professional friendly,102,0.410886901941576
2010-06-15,Ivory Coast,Portugal,0.0,0.0,FIFA World Cup,Port Elizabeth,South Africa,True,2009,Ivory Coast,1762.0,28.0,Portugal,1874.0,12.0,FIFA World Cup,True,2010,1818.0,112.0,28.0,0.0,Official tournament match,102,0.410886901941576
2014-03-05,Ukraine,United States,2.0,0.0,Friendly,Larnaca,Cyprus,True,2013,Ukraine,1823.0,20.0,United States,1862.0,13.0,Friendly,True,2014,1842.5,39.0,20.0,2.0,Elite professional friendly,103,0.22522194002296766
2014-07-01,Belgium,United States,2.0,1.0,FIFA World Cup,Salvador,Brazil,True,2013,Belgium,1835.0,18.0,United States,1862.0,13.0,FIFA World Cup,True,2014,1848.5,27.0,18.0,3.0,Official tournament match,103,0.22522194002296766
2014-05-30,Bosnia and Herzegovina,Ivory Coast,2.0,1.0,Friendly,St. Louis,United States,True,2013,Bosnia and Herzegovina,1783.0,23.0,Ivory Coast,1779.0,24.0,Friendly,True,2014,1781.0,4.0,24.0,3.0,Elite professional friendly,104,0.27352927975617364
2012-06-12,Greece,Czech Republic,1.0,2.0,UEFA Euro,Wrocław,Poland,True,2011,Greece,1785.0,21.0,Czechia,1795.0,20.0,UEFA Euro,True,2012,1790.0,10.0,21.0,3.0,Official tournament match,104,0.27352927975617364
2014-05-31,Mexico,Ecuador,3.0,1.0,Friendly,Arlington,United States,True,2013,Mexico,1797.0,22.0,Ecuador,1836.0,17.0,Friendly,True,2014,1816.5,39.0,22.0,4.0,Elite professional friendly,105,0.329816855438546
2012-06-16,Greece,Russia,1.0,0.0,UEFA Euro,Warsaw,Poland,True,2011,Greece,1785.0,21.0,Russia,1817.0,17.0,UEFA Euro,True,2012,1801.0,32.0,21.0,1.0,Official tournament match,105,0.329816855438546
2014-06-02,Costa Rica,Japan,1.0,3.0,Friendly,Tampa,United States,True,2013,Costa Rica,1735.0,29.0,Japan,1764.0,25.0,Friendly,True,2014,1749.5,29.0,29.0,4.0,Elite professional friendly,106,0.43012448620130683
2014-06-25,Bosnia and Herzegovina,Iran,3.0,1.0,FIFA World Cup,Salvador,Brazil,True,2013,Bosnia and Herzegovina,1783.0,23.0,Iran,1730.0,30.0,FIFA World Cup,True,2014,1756.5,53.0,30.0,4.0,Official tournament match,106,0.43012448620130683
2014-06-03,Mexico,Bosnia and Herzegovina,0.0,1.0,Friendly,Chicago,United States,True,2013,Mexico,1797.0,22.0,Bosnia and Herzegovina,1783.0,23.0,Friendly,True,2014,1790.0,14.0,23.0,1.0,Elite professional friendly,107,0.18038200711314456
2014-06-23,Croatia,Mexico,1.0,3.0,FIFA World Cup,Recife,Brazil,True,2013,Croatia,1806.0,21.0,Mexico,1797.0,22.0,FIFA World Cup,True,2014,1801.5,9.0,22.0,4.0,Official tournament match,107,0.18038200711314456
2014-06-04,Ecuador,England,2.0,2.0,Friendly,Miami Gardens,United States,True,2013,Ecuador,1836.0,17.0,England,1933.0,6.0,Friendly,True,2014,1884.5,97.0,17.0,4.0,Elite professional friendly,108,0.0938424750095699
2014-06-14,Colombia,Greece,3.0,0.0,FIFA World Cup,Belo Horizonte,Brazil,True,2013,Colombia,1933.0,6.0,Greece,1841.0,16.0,FIFA World Cup,True,2014,1887.0,92.0,16.0,3.0,Official tournament match,108,0.0938424750095699
2014-06-06,Mexico,Portugal,0.0,1.0,Friendly,Foxborough,United States,True,2013,Mexico,1797.0,22.0,Portugal,1931.0,8.0,Friendly,True,2014,1864.0,134.0,22.0,1.0,Elite professional friendly,109,0.3662269819650779
2014-06-19,Colombia,Ivory Coast,2.0,1.0,FIFA World Cup,Brasília,Brazil,True,2013,Colombia,1933.0,6.0,Ivory Coast,1779.0,24.0,FIFA World Cup,True,2014,1856.0,154.0,24.0,3.0,Official tournament match,109,0.3662269819650779
2014-09-05,Brazil,Colombia,1.0,0.0,Friendly,Miami Gardens,United States,True,2013,Brazil,2132.0,1.0,Colombia,1933.0,6.0,Friendly,True,2014,2032.5,199.0,6.0,1.0,Elite professional friendly,110,0.35879160420029355
2014-06-18,Spain,Chile,0.0,2.0,FIFA World Cup,Rio de Janeiro,Brazil,True,2013,Spain,2104.0,2.0,Chile,1914.0,10.0,FIFA World Cup,True,2014,2009.0,190.0,10.0,2.0,Official tournament match,110,0.35879160420029355
2014-09-06,Mexico,Chile,0.0,0.0,Friendly,Santa Clara,United States,True,2013,Mexico,1797.0,22.0,Chile,1914.0,10.0,Friendly,True,2014,1855.5,117.0,22.0,0.0,Elite professional friendly,111,0.23362121749438577
2016-06-18,Portugal,Austria,0.0,0.0,UEFA Euro,Lyon,France,True,2015,Portugal,1920.0,11.0,Austria,1802.0,20.0,UEFA Euro,True,2016,1861.0,118.0,20.0,0.0,Official tournament match,111,0.23362121749438577
2014-11-14,United States,Colombia,1.0,2.0,Friendly,London,England,True,2013,United States,1862.0,13.0,Colombia,1933.0,6.0,Friendly,True,2014,1897.5,71.0,13.0,3.0,Elite professional friendly,112,0.03753699000382795
2014-06-22,United States,Portugal,2.0,2.0,FIFA World Cup,Manaus,Brazil,True,2013,United States,1862.0,13.0,Portugal,1931.0,8.0,FIFA World Cup,True,2014,1896.5,69.0,13.0,4.0,Official tournament match,112,0.03753699000382795
2014-11-18,Portugal,Argentina,1.0,0.0,Friendly,Manchester,England,True,2013,Portugal,1931.0,8.0,Argentina,2020.0,4.0,Friendly,True,2014,1975.5,89.0,8.0,1.0,Elite professional friendly,113,0.2271159165750759
2014-06-23,Netherlands,Chile,2.0,0.0,FIFA World Cup,São Paulo,Brazil,True,2013,Netherlands,2004.0,5.0,Chile,1914.0,10.0,FIFA World Cup,True,2014,1959.0,90.0,10.0,2.0,Official tournament match,113,0.2271159165750759
2015-03-29,Brazil,Chile,1.0,0.0,Friendly,London,England,True,2014,Brazil,2042.0,3.0,Chile,1963.0,7.0,Friendly,True,2015,2002.5,79.0,7.0,1.0,Elite professional friendly,114,0.46968698400763875
2017-06-22,Germany,Chile,1.0,1.0,Confederations Cup,Kazan,Russia,True,2016,Germany,2038.0,3.0,Chile,1982.0,5.0,Confederations Cup,True,2017,2010.0,56.0,5.0,2.0,Official tournament match,114,0.46968698400763875
2015-06-06,Colombia,Costa Rica,1.0,0.0,Friendly,Buenos Aires,Argentina,True,2014,Colombia,2019.0,5.0,Costa Rica,1866.0,15.0,Friendly,True,2015,1942.5,153.0,15.0,1.0,Elite professional friendly,115,0.3904122028342866
2016-06-27,Italy,Spain,2.0,0.0,UEFA Euro,Saint-Denis,France,True,2015,Italy,1871.0,15.0,Spain,2003.0,4.0,UEFA Euro,True,2016,1937.0,132.0,15.0,2.0,Official tournament match,115,0.3904122028342866
2015-06-16,Italy,Portugal,0.0,1.0,Friendly,Geneva,Switzerland,True,2014,Italy,1885.0,14.0,Portugal,1911.0,10.0,Friendly,True,2015,1898.0,26.0,14.0,1.0,Elite professional friendly,116,0.3214066682566974
2014-06-14,England,Italy,1.0,2.0,FIFA World Cup,Manaus,Brazil,True,2013,England,1933.0,6.0,Italy,1907.0,11.0,FIFA World Cup,True,2014,1920.0,26.0,11.0,3.0,Official tournament match,116,0.3214066682566974
2015-06-27,Mexico,Costa Rica,2.0,2.0,Friendly,Orlando,United States,True,2014,Mexico,1892.0,13.0,Costa Rica,1866.0,15.0,Friendly,True,2015,1879.0,26.0,15.0,4.0,Elite professional friendly,117,0.0
2015-07-19,Mexico,Costa Rica,1.0,0.0,Gold Cup,East Rutherford,United States,True,2014,Mexico,1892.0,13.0,Costa Rica,1866.0,15.0,Gold Cup,True,2015,1879.0,26.0,15.0,1.0,Official tournament match,117,0.0
2015-09-05,Costa Rica,Brazil,0.0,1.0,Friendly,Harrison,United States,True,2014,Costa Rica,1866.0,15.0,Brazil,2042.0,3.0,Friendly,True,2015,1954.0,176.0,15.0,1.0,Elite professional friendly,118,0.45613871510086296
2016-07-02,Germany,Italy,1.0,1.0,UEFA Euro,Bordeaux,France,True,2015,Germany,2069.0,1.0,Italy,1871.0,15.0,UEFA Euro,True,2016,1970.0,198.0,15.0,2.0,Official tournament match,118,0.45613871510086296
2015-09-08,Mexico,Argentina,2.0,2.0,Friendly,Arlington,United States,True,2014,Mexico,1892.0,13.0,Argentina,2050.0,2.0,Friendly,True,2015,1971.0,158.0,13.0,4.0,Elite professional friendly,119,0.586645075871162
2017-06-29,Germany,Mexico,4.0,1.0,Confederations Cup,Sochi,Russia,True,2016,Germany,2038.0,3.0,Mexico,1911.0,12.0,Confederations Cup,True,2017,1974.5,127.0,12.0,5.0,Official tournament match,119,0.586645075871162
2016-05-29,Romania,Ukraine,3.0,4.0,Friendly,Turin,Italy,True,2015,Romania,1764.0,29.0,Ukraine,1817.0,16.0,Friendly,True,2016,1790.5,53.0,29.0,7.0,Elite professional friendly,120,0.0876147829612028
2016-06-17,Czech Republic,Croatia,2.0,2.0,UEFA Euro,Saint-Étienne,France,True,2015,Czechia,1766.0,28.0,Croatia,1814.0,17.0,UEFA Euro,True,2016,1790.0,48.0,28.0,4.0,Official tournament match,120,0.0876147829612028
2016-06-01,Czech Republic,Russia,2.0,1.0,Friendly,Innsbruck,Austria,True,2015,Czechia,1766.0,28.0,Russia,1774.0,24.0,Friendly,True,2016,1770.0,8.0,28.0,3.0,Elite professional friendly,121,0.2528901893488719
2014-06-14,Ivory Coast,Japan,2.0,1.0,FIFA World Cup,Recife,Brazil,True,2013,Ivory Coast,1779.0,24.0,Japan,1764.0,25.0,FIFA World Cup,True,2014,1771.5,15.0,25.0,3.0,Official tournament match,121,0.2528901893488719
2017-01-11,Chile,Croatia,1.0,1.0,Friendly,Nanning,China,True,2016,Chile,1982.0,5.0,Croatia,1886.0,15.0,Friendly,True,2017,1934.0,96.0,15.0,2.0,Elite professional friendly,122,0.23722770783393526
2018-06-21,France,Peru,1.0,0.0,FIFA World Cup,Ekaterinburg,Russia,True,2017,France,1989.0,5.0,Peru,1881.0,12.0,FIFA World Cup,True,2018,1935.0,108.0,12.0,1.0,Official tournament match,122,0.23722770783393526
2017-02-08,Mexico,Iceland,1.0,0.0,Friendly,Las Vegas,United States,True,2016,Mexico,1911.0,12.0,Iceland,1765.0,27.0,Friendly,True,2017,1838.0,146.0,27.0,1.0,Elite professional friendly,123,0.16142197739817096
2016-06-30,Poland,Portugal,1.0,1.0,UEFA Euro,Marseille,France,True,2015,Poland,1773.0,25.0,Portugal,1920.0,11.0,UEFA Euro,True,2016,1846.5,147.0,25.0,2.0,Official tournament match,123,0.16142197739817096
2017-05-28,Mexico,Croatia,1.0,2.0,Friendly,Los Angeles,United States,True,2016,Mexico,1911.0,12.0,Croatia,1886.0,15.0,Friendly,True,2017,1898.5,25.0,15.0,3.0,Elite professional friendly,124,0.32090196373842744
2017-06-18,Portugal,Mexico,2.0,2.0,Confederations Cup,Kazan,Russia,True,2016,Portugal,1931.0,8.0,Mexico,1911.0,12.0,Confederations Cup,True,2017,1921.0,20.0,12.0,4.0,Official tournament match,124,0.32090196373842744
2017-06-01,Mexico,Republic of Ireland,3.0,1.0,Friendly,East Rutherford,United States,True,2016,Mexico,1911.0,12.0,Ireland,1801.0,21.0,Friendly,True,2017,1856.0,110.0,21.0,4.0,Elite professional friendly,125,0.1995403474890775
2016-06-25,Croatia,Portugal,0.0,1.0,UEFA Euro,Lens,France,True,2015,Croatia,1814.0,17.0,Portugal,1920.0,11.0,UEFA Euro,True,2016,1867.0,106.0,17.0,1.0,Official tournament match,125,0.1995403474890775
2017-06-07,Italy,Uruguay,3.0,0.0,Friendly,Nice,France,True,2016,Italy,1943.0,7.0,Uruguay,1914.0,11.0,Friendly,True,2017,1928.5,29.0,11.0,3.0,Elite professional friendly,126,0.187917876507492
2017-07-02,Portugal,Mexico,2.0,1.0,Confederations Cup,Moscow,Russia,True,2016,Portugal,1931.0,8.0,Mexico,1911.0,12.0,Confederations Cup,True,2017,1921.0,20.0,12.0,3.0,Official tournament match,126,0.187917876507492
2018-01-11,Denmark,Sweden,0.0,1.0,Friendly,Abu Dhabi,United Arab Emirates,True,2017,Denmark,1841.0,19.0,Sweden,1825.0,20.0,Friendly,True,2018,1833.0,16.0,20.0,1.0,Elite professional friendly,127,0.13137946501339795
2018-06-27,Mexico,Sweden,0.0,3.0,FIFA World Cup,Ekaterinburg,Russia,True,2017,Mexico,1848.0,17.0,Sweden,1825.0,20.0,FIFA World Cup,True,2018,1836.5,23.0,20.0,3.0,Official tournament match,127,0.13137946501339795
2018-03-23,Italy,Argentina,0.0,2.0,Friendly,Manchester,England,True,2017,Italy,1906.0,10.0,Argentina,1984.0,6.0,Friendly,True,2018,1945.0,78.0,10.0,2.0,Elite professional friendly,128,0.2666846961165309
2016-06-18,Mexico,Chile,0.0,7.0,Copa América,Santa Clara,United States,True,2015,Mexico,1906.0,13.0,Chile,1976.0,5.0,Copa America,True,2016,1941.0,70.0,13.0,7.0,Official tournament match,128,0.2666846961165309
2018-03-23,Mexico,Iceland,3.0,0.0,Friendly,Santa Clara,United States,True,2017,Mexico,1848.0,17.0,Iceland,1811.0,21.0,Friendly,True,2018,1829.5,37.0,21.0,3.0,Elite professional friendly,129,0.15014796001531178
2018-06-26,Iceland,Croatia,1.0,2.0,FIFA World Cup,Rostov-on-Don,Russia,True,2017,Iceland,1811.0,21.0,Croatia,1856.0,16.0,FIFA World Cup,True,2018,1833.5,45.0,21.0,3.0,Official tournament match,129,0.15014796001531178
2018-03-23,Peru,Croatia,2.0,0.0,Friendly,Miami Gardens,United States,True,2017,Peru,1881.0,12.0,Croatia,1856.0,16.0,Friendly,True,2018,1868.5,25.0,16.0,2.0,Elite professional friendly,130,0.2815274250287097
2018-06-16,Peru,Denmark,0.0,1.0,FIFA World Cup,Saransk,Russia,True,2017,Peru,1881.0,12.0,Denmark,1841.0,19.0,FIFA World Cup,True,2018,1861.0,40.0,19.0,1.0,Official tournament match,130,0.2815274250287097
2018-03-26,Portugal,Netherlands,0.0,3.0,Friendly,Geneva,Switzerland,True,2017,Portugal,1994.0,4.0,Netherlands,1895.0,11.0,Friendly,True,2018,1944.5,99.0,11.0,3.0,Elite professional friendly,131,0.3381830662768521
2021-07-06,Argentina,Colombia,1.0,1.0,Copa América,Brasília,Brazil,True,2020,Argentina,1991.0,8.0,Colombia,1896.0,14.0,Copa America,True,2021,1943.5,95.0,14.0,2.0,Official tournament match,131,0.3381830662768521
2018-03-26,Wales,Uruguay,0.0,1.0,Friendly,Nanning,China,True,2017,Wales,1763.0,24.0,Uruguay,1866.0,13.0,Friendly,True,2018,1814.5,103.0,24.0,1.0,Elite professional friendly,132,0.19175851570031177
2019-06-15,Venezuela,Peru,0.0,0.0,Copa América,Porto Alegre,Brazil,True,2018,Venezuela,1756.0,29.0,Peru,1854.0,16.0,Copa America,True,2019,1805.0,98.0,29.0,0.0,Official tournament match,132,0.19175851570031177
2018-03-27,Mexico,Croatia,0.0,1.0,Friendly,Arlington,United States,True,2017,Mexico,1848.0,17.0,Croatia,1856.0,16.0,Friendly,True,2018,1852.0,8.0,17.0,1.0,Elite professional friendly,133,0.14078504716354068
2019-07-03,Chile,Peru,0.0,3.0,Copa América,Porto Alegre,Brazil,True,2018,Chile,1851.0,18.0,Peru,1854.0,16.0,Copa America,True,2019,1852.5,3.0,18.0,3.0,Official tournament match,133,0.14078504716354068
2018-03-27,Peru,Iceland,3.0,1.0,Friendly,Harrison,United States,True,2017,Peru,1881.0,12.0,Iceland,1811.0,21.0,Friendly,True,2018,1846.0,70.0,21.0,4.0,Elite professional friendly,134,0.3894534130038934
2021-06-13,Colombia,Ecuador,1.0,0.0,Copa América,Cuiabá,Brazil,True,2020,Colombia,1896.0,14.0,Ecuador,1826.0,19.0,Copa America,True,2021,1861.0,70.0,19.0,1.0,Official tournament match,134,0.3894534130038934
2018-05-28,Mexico,Wales,0.0,0.0,Friendly,Pasadena,United States,True,2017,Mexico,1848.0,17.0,Wales,1763.0,24.0,Friendly,True,2018,1805.5,85.0,24.0,0.0,Elite professional friendly,135,0.05630548500574189
2018-06-23,South Korea,Mexico,1.0,2.0,FIFA World Cup,Rostov-on-Don,Russia,True,2017,South Korea,1760.0,25.0,Mexico,1848.0,17.0,FIFA World Cup,True,2018,1804.0,88.0,25.0,3.0,Official tournament match,135,0.05630548500574189
2018-06-04,Serbia,Chile,0.0,1.0,Friendly,Graz,Austria,True,2017,Serbia,1770.0,23.0,Chile,1860.0,15.0,Friendly,True,2018,1815.0,90.0,23.0,1.0,Elite professional friendly,136,0.11261097001148385
2018-06-22,Serbia,Switzerland,1.0,2.0,FIFA World Cup,Kaliningrad,Russia,True,2017,Serbia,1770.0,23.0,Switzerland,1866.0,13.0,FIFA World Cup,True,2018,1818.0,96.0,23.0,3.0,Official tournament match,136,0.11261097001148385
2018-06-11,South Korea,Senegal,0.0,2.0,Friendly,Grödig,Austria,True,2017,South Korea,1760.0,25.0,Senegal,1751.0,27.0,Friendly,True,2018,1755.5,9.0,27.0,2.0,Elite professional friendly,137,0.3023118904075994
2016-06-13,Republic of Ireland,Sweden,1.0,1.0,UEFA Euro,Saint-Denis,France,True,2015,Ireland,1770.0,26.0,Sweden,1767.0,27.0,UEFA Euro,True,2016,1768.5,3.0,27.0,2.0,Official tournament match,137,0.3023118904075994
2018-09-07,Mexico,Uruguay,1.0,4.0,Friendly,Houston,United States,True,2017,Mexico,1848.0,17.0,Uruguay,1866.0,13.0,Friendly,True,2018,1857.0,18.0,17.0,5.0,Elite professional friendly,138,0.12788408842333687
2018-07-01,Croatia,Denmark,1.0,1.0,FIFA World Cup,Nizhny Novgorod,Russia,True,2017,Croatia,1856.0,16.0,Denmark,1841.0,19.0,FIFA World Cup,True,2018,1848.5,15.0,19.0,2.0,Official tournament match,138,0.12788408842333687
2018-09-11,Colombia,Argentina,0.0,0.0,Friendly,East Rutherford,United States,True,2017,Colombia,1926.0,9.0,Argentina,1984.0,6.0,Friendly,True,2018,1955.0,58.0,9.0,0.0,Elite professional friendly,139,0.08110375500765976
2018-07-10,France,Belgium,1.0,0.0,FIFA World Cup,Saint Petersburg,Russia,True,2017,France,1989.0,5.0,Belgium,1927.0,8.0,FIFA World Cup,True,2018,1958.0,62.0,8.0,1.0,Official tournament match,139,0.08110375500765976
2018-10-12,Peru,Chile,3.0,0.0,Friendly,Miami Gardens,United States,True,2017,Peru,1881.0,12.0,Chile,1860.0,15.0,Friendly,True,2018,1870.5,21.0,15.0,3.0,Elite professional friendly,140,0.4656712132833495
2014-06-20,Switzerland,France,2.0,5.0,FIFA World Cup,Salvador,Brazil,True,2013,Switzerland,1852.0,14.0,France,1881.0,12.0,FIFA World Cup,True,2014,1866.5,29.0,14.0,7.0,Official tournament match,140,0.4656712132833495
2018-11-20,Italy,United States,1.0,0.0,Friendly,Genk,Belgium,True,2017,Italy,1906.0,10.0,United States,1751.0,27.0,Friendly,True,2018,1828.5,155.0,27.0,1.0,Elite professional friendly,141,0.36121203306049154
2016-06-18,Belgium,Republic of Ireland,3.0,0.0,UEFA Euro,Bordeaux,France,True,2015,Belgium,1928.0,10.0,Ireland,1770.0,26.0,UEFA Euro,True,2016,1849.0,158.0,26.0,3.0,Official tournament match,141,0.36121203306049154
2019-03-22,Argentina,Venezuela,1.0,3.0,Friendly,Madrid,Spain,True,2018,Argentina,1914.0,13.0,Venezuela,1756.0,29.0,Friendly,True,2019,1835.0,158.0,29.0,4.0,Elite professional friendly,142,0.0
2019-06-28,Venezuela,Argentina,0.0,2.0,Copa América,Rio de Janeiro,Brazil,True,2018,Venezuela,1756.0,29.0,Argentina,1914.0,13.0,Copa America,True,2019,1835.0,158.0,29.0,2.0,Official tournament match,142,0.0
2019-03-22,Mexico,Chile,3.0,1.0,Friendly,San Diego,United States,True,2018,Mexico,1787.0,22.0,Chile,1851.0,18.0,Friendly,True,2019,1819.0,64.0,22.0,4.0,Elite professional friendly,143,0.36768556688164206
2022-11-27,Croatia,Canada,4.0,1.0,FIFA World Cup,Al Rayyan,Qatar,True,2021,Croatia,1858.0,15.0,Canada,1785.0,29.0,FIFA World Cup,True,2022,1821.5,73.0,29.0,5.0,Official tournament match,143,0.36768556688164206
2019-06-01,Venezuela,Ecuador,1.0,1.0,Friendly,Miami Gardens,United States,True,2018,Venezuela,1756.0,29.0,Ecuador,1772.0,25.0,Friendly,True,2019,1764.0,16.0,29.0,2.0,Elite professional friendly,144,0.35005492943293487
2021-07-02,Peru,Paraguay,3.0,3.0,Copa América,Goiânia,Brazil,True,2020,Peru,1793.0,24.0,Paraguay,1769.0,28.0,Copa America,True,2021,1781.0,24.0,28.0,6.0,Official tournament match,144,0.35005492943293487
2019-06-05,Mexico,Venezuela,3.0,1.0,Friendly,Atlanta,United States,True,2018,Mexico,1787.0,22.0,Venezuela,1756.0,29.0,Friendly,True,2019,1771.5,31.0,29.0,4.0,Elite professional friendly,145,0.4071153661774111
2016-06-21,Czech Republic,Turkey,0.0,2.0,UEFA Euro,Lens,France,True,2015,Czechia,1766.0,28.0,Turkey,1805.0,19.0,UEFA Euro,True,2016,1785.5,39.0,28.0,2.0,Official tournament match,145,0.4071153661774111
2019-06-09,Mexico,Ecuador,3.0,2.0,Friendly,Arlington,United States,True,2018,Mexico,1787.0,22.0,Ecuador,1772.0,25.0,Friendly,True,2019,1779.5,15.0,25.0,5.0,Elite professional friendly,146,0.3481520031247627
2021-06-27,Venezuela,Peru,0.0,1.0,Copa América,Brasília,Brazil,True,2020,Venezuela,1801.0,23.0,Peru,1793.0,24.0,Copa America,True,2021,1797.0,8.0,24.0,1.0,Official tournament match,146,0.3481520031247627
2019-09-05,Argentina,Chile,0.0,0.0,Friendly,Los Angeles,United States,True,2018,Argentina,1914.0,13.0,Chile,1851.0,18.0,Friendly,True,2019,1882.5,63.0,18.0,0.0,Elite professional friendly,147,0.0
2019-07-06,Argentina,Chile,2.0,1.0,Copa América,São Paulo,Brazil,True,2018,Argentina,1914.0,13.0,Chile,1851.0,18.0,Copa America,True,2019,1882.5,63.0,18.0,3.0,Official tournament match,147,0.0
2019-09-05,Peru,Ecuador,0.0,1.0,Friendly,Harrison,United States,True,2018,Peru,1854.0,16.0,Ecuador,1772.0,25.0,Friendly,True,2019,1813.0,82.0,25.0,1.0,Elite professional friendly,148,0.05630548500574193
2019-06-21,Ecuador,Chile,1.0,2.0,Copa América,Salvador,Brazil,True,2018,Ecuador,1772.0,25.0,Chile,1851.0,18.0,Copa America,True,2019,1811.5,79.0,25.0,3.0,Official tournament match,148,0.05630548500574193
2019-09-06,Brazil,Colombia,2.0,2.0,Friendly,Miami Gardens,United States,True,2018,Brazil,2136.0,1.0,Colombia,1961.0,6.0,Friendly,True,2019,2048.5,175.0,6.0,4.0,Elite professional friendly,149,0.4495014803637753
2018-07-06,Brazil,Belgium,1.0,2.0,FIFA World Cup,Kazan,Russia,True,2017,Brazil,2113.0,1.0,Belgium,1927.0,8.0,FIFA World Cup,True,2018,2020.0,186.0,8.0,3.0,Official tournament match,149,0.4495014803637753
2019-09-10,Argentina,Mexico,4.0,0.0,Friendly,San Antonio,United States,True,2018,Argentina,1914.0,13.0,Mexico,1787.0,22.0,Friendly,True,2019,1850.5,127.0,22.0,4.0,Elite professional friendly,150,0.33113285884694704
2016-06-08,Ecuador,Peru,2.0,2.0,Copa América,Glendale,United States,True,2015,Ecuador,1915.0,12.0,Peru,1787.0,22.0,Copa America,True,2016,1851.0,128.0,22.0,4.0,Official tournament match,150,0.33113285884694704
2019-10-12,Colombia,Chile,0.0,0.0,Friendly,Alicante,Spain,True,2018,Colombia,1961.0,6.0,Chile,1851.0,18.0,Friendly,True,2019,1906.0,110.0,18.0,0.0,Elite professional friendly,151,0.0
2019-06-28,Colombia,Chile,0.0,0.0,Copa América,São Paulo,Brazil,True,2018,Colombia,1961.0,6.0,Chile,1851.0,18.0,Copa America,True,2019,1906.0,110.0,18.0,0.0,Official tournament match,151,0.0
2019-10-13,Ecuador,Argentina,1.0,6.0,Friendly,Elche,Spain,True,2018,Ecuador,1772.0,25.0,Argentina,1914.0,13.0,Friendly,True,2019,1843.0,142.0,25.0,7.0,Elite professional friendly,152,0.16891645501722585
2019-06-16,Uruguay,Ecuador,4.0,0.0,Copa América,Belo Horizonte,Brazil,True,2018,Uruguay,1923.0,11.0,Ecuador,1772.0,25.0,Copa America,True,2019,1847.5,151.0,25.0,4.0,Official tournament match,152,0.16891645501722585
2019-11-15,Colombia,Peru,1.0,0.0,Friendly,Miami Gardens,United States,True,2018,Colombia,1961.0,6.0,Peru,1854.0,16.0,Friendly,True,2019,1907.5,107.0,16.0,1.0,Elite professional friendly,153,0.40694603396911644
2018-07-06,Uruguay,France,0.0,2.0,FIFA World Cup,Nizhny Novgorod,Russia,True,2017,Uruguay,1866.0,13.0,France,1989.0,5.0,FIFA World Cup,True,2018,1927.5,123.0,13.0,2.0,Official tournament match,153,0.40694603396911644
2019-11-18,Argentina,Uruguay,2.0,2.0,Friendly,Tel Aviv,Israel,True,2018,Argentina,1914.0,13.0,Uruguay,1923.0,11.0,Friendly,True,2019,1918.5,9.0,13.0,4.0,Elite professional friendly,154,0.19014284993580732
2018-07-03,Colombia,England,1.0,1.0,FIFA World Cup,Moscow,Russia,True,2017,Colombia,1926.0,9.0,England,1933.0,7.0,FIFA World Cup,True,2018,1929.5,7.0,9.0,2.0,Official tournament match,154,0.19014284993580732
2019-11-19,Ecuador,Colombia,0.0,1.0,Friendly,Harrison,United States,True,2018,Ecuador,1772.0,25.0,Colombia,1961.0,6.0,Friendly,True,2019,1866.5,189.0,25.0,1.0,Elite professional friendly,155,0.2488030688160033
2021-06-28,Uruguay,Paraguay,1.0,0.0,Copa América,Rio de Janeiro,Brazil,True,2020,Uruguay,1953.0,11.0,Paraguay,1769.0,28.0,Copa America,True,2021,1861.0,184.0,28.0,1.0,Official tournament match,155,0.2488030688160033
2020-10-13,Mexico,Algeria,2.0,2.0,Friendly,The Hague,Netherlands,True,2019,Mexico,1904.0,14.0,Algeria,1745.0,29.0,Friendly,True,2020,1824.5,159.0,29.0,4.0,Elite professional friendly,156,0.5432858987585507
2016-06-22,Sweden,Belgium,0.0,1.0,UEFA Euro,Nice,France,True,2015,Sweden,1767.0,27.0,Belgium,1928.0,10.0,UEFA Euro,True,2016,1847.5,161.0,27.0,1.0,Official tournament match,156,0.5432858987585507
2020-11-14,Mexico,South Korea,3.0,2.0,Friendly,Wiener Neustadt,Austria,True,2019,Mexico,1904.0,14.0,South Korea,1771.0,27.0,Friendly,True,2020,1837.5,133.0,27.0,5.0,Elite professional friendly,157,0.5440830994332704
2021-06-20,Colombia,Peru,1.0,2.0,Copa América,Goiânia,Brazil,True,2020,Colombia,1896.0,14.0,Peru,1793.0,24.0,Copa America,True,2021,1844.5,103.0,24.0,3.0,Official tournament match,157,0.5440830994332704
2020-11-17,Japan,Mexico,0.0,2.0,Friendly,Graz,Austria,True,2019,Japan,1744.0,30.0,Mexico,1904.0,14.0,Friendly,True,2020,1824.0,160.0,30.0,2.0,Elite professional friendly,158,0.39602888737515307
2018-06-28,Senegal,Colombia,0.0,1.0,FIFA World Cup,Samara,Russia,True,2017,Senegal,1751.0,27.0,Colombia,1926.0,9.0,FIFA World Cup,True,2018,1838.5,175.0,27.0,1.0,Official tournament match,158,0.39602888737515307
2021-06-02,Germany,Denmark,1.0,1.0,Friendly,Innsbruck,Austria,True,2020,Germany,1956.0,10.0,Denmark,1927.0,13.0,Friendly,True,2021,1941.5,29.0,13.0,2.0,Elite professional friendly,159,0.2641639167381115
2022-12-06,Portugal,Switzerland,6.0,1.0,FIFA World Cup,Lusail,Qatar,True,2021,Portugal,1973.0,8.0,Switzerland,1934.0,11.0,FIFA World Cup,True,2022,1953.5,39.0,11.0,7.0,Official tournament match,159,0.2641639167381115
2021-10-27,Mexico,Ecuador,2.0,3.0,Friendly,Charlotte,United States,True,2020,Mexico,1931.0,12.0,Ecuador,1826.0,19.0,Friendly,True,2021,1878.5,105.0,19.0,5.0,Elite professional friendly,160,0.12247629967483689
2021-06-26,Wales,Denmark,0.0,4.0,UEFA Euro,Amsterdam,Netherlands,True,2020,Wales,1829.0,18.0,Denmark,1927.0,13.0,UEFA Euro,True,2021,1878.0,98.0,18.0,4.0,Official tournament match,160,0.12247629967483689
2021-12-08,Mexico,Chile,2.0,2.0,Friendly,Austin,United States,True,2020,Mexico,1931.0,12.0,Chile,1813.0,21.0,Friendly,True,2021,1872.0,118.0,21.0,4.0,Elite professional friendly,161,0.38606035014947426
2018-07-07,Sweden,England,0.0,2.0,FIFA World Cup,Samara,Russia,True,2017,Sweden,1825.0,20.0,England,1933.0,7.0,FIFA World Cup,True,2018,1879.0,108.0,20.0,2.0,Official tournament match,161,0.38606035014947426
2022-06-02,Mexico,Uruguay,0.0,3.0,Friendly,Glendale,United States,True,2021,Mexico,1840.0,19.0,Uruguay,1847.0,17.0,Friendly,True,2022,1843.5,7.0,19.0,3.0,Elite professional friendly,162,0.15983638486323845
2022-11-25,Wales,Iran,0.0,2.0,FIFA World Cup,Al Rayyan,Qatar,True,2021,Wales,1836.0,20.0,Iran,1836.0,20.0,FIFA World Cup,True,2022,1836.0,0.0,20.0,2.0,Official tournament match,162,0.15983638486323845
2022-06-05,Mexico,Ecuador,0.0,0.0,Friendly,Chicago,United States,True,2021,Mexico,1840.0,19.0,Ecuador,1849.0,16.0,Friendly,True,2022,1844.5,9.0,19.0,0.0,Elite professional friendly,163,0.26640304980302526
2022-11-21,United States,Wales,1.0,1.0,FIFA World Cup,Al Rayyan,Qatar,True,2021,United States,1860.0,14.0,Wales,1836.0,20.0,FIFA World Cup,True,2022,1848.0,24.0,20.0,2.0,Official tournament match,163,0.26640304980302526
2022-06-12,Iran,Algeria,1.0,2.0,Friendly,Doha,Qatar,True,2021,Iran,1836.0,20.0,Algeria,1801.0,26.0,Friendly,True,2022,1818.5,35.0,26.0,3.0,Elite professional friendly,164,0.16917615246981563
2021-06-23,Ecuador,Peru,2.0,2.0,Copa América,Goiânia,Brazil,True,2020,Ecuador,1826.0,19.0,Peru,1793.0,24.0,Copa America,True,2021,1809.5,33.0,24.0,4.0,Official tournament match,164,0.16917615246981563
2022-09-23,Iran,Uruguay,1.0,0.0,Friendly,Sankt Pölten,Austria,True,2021,Iran,1836.0,20.0,Uruguay,1847.0,17.0,Friendly,True,2022,1841.5,11.0,20.0,1.0,Elite professional friendly,165,0.22149349903751692
2021-06-29,Sweden,Ukraine,1.0,2.0,UEFA Euro,Glasgow,Scotland,True,2020,Sweden,1822.0,20.0,Ukraine,1833.0,17.0,UEFA Euro,True,2021,1827.5,11.0,20.0,3.0,Official tournament match,165,0.22149349903751692
2022-09-24,Mexico,Peru,1.0,0.0,Friendly,Pasadena,United States,True,2021,Mexico,1840.0,19.0,Peru,1835.0,22.0,Friendly,True,2022,1837.5,5.0,22.0,1.0,Elite professional friendly,166,0.3039146865095127
2021-06-23,Sweden,Poland,3.0,2.0,UEFA Euro,Saint Petersburg,Russia,True,2020,Sweden,1822.0,20.0,Poland,1813.0,21.0,UEFA Euro,True,2021,1817.5,9.0,21.0,5.0,Official tournament match,166,0.3039146865095127
2022-09-27,Canada,Uruguay,0.0,2.0,Friendly,Bratislava,Slovakia,True,2021,Canada,1785.0,29.0,Uruguay,1847.0,17.0,Friendly,True,2022,1816.0,62.0,29.0,2.0,Elite professional friendly,167,0.03753699000382798
2022-11-24,Uruguay,South Korea,0.0,0.0,FIFA World Cup,Al Rayyan,Qatar,True,2021,Uruguay,1847.0,17.0,South Korea,1787.0,28.0,FIFA World Cup,True,2022,1817.0,60.0,28.0,0.0,Official tournament match,167,0.03753699000382798
2022-09-27,Mexico,Colombia,2.0,3.0,Friendly,Santa Clara,United States,True,2021,Mexico,1840.0,19.0,Colombia,1904.0,13.0,Friendly,True,2022,1872.0,64.0,19.0,5.0,Elite professional friendly,168,0.3209019637384275
2022-12-03,Netherlands,United States,3.0,1.0,FIFA World Cup,Al Rayyan,Qatar,True,2021,Netherlands,1929.0,12.0,United States,1860.0,14.0,FIFA World Cup,True,2022,1894.5,69.0,14.0,4.0,Official tournament match,168,0.3209019637384275
2022-11-16,Mexico,Sweden,1.0,2.0,Friendly,Girona,Spain,True,2021,Mexico,1840.0,19.0,Sweden,1822.0,24.0,Friendly,True,2022,1831.0,18.0,24.0,3.0,Elite professional friendly,169,0.29116589660411746
2021-06-20,Venezuela,Ecuador,2.0,2.0,Copa América,Rio de Janeiro,Brazil,True,2020,Venezuela,1801.0,23.0,Ecuador,1826.0,19.0,Copa America,True,2021,1813.5,25.0,23.0,4.0,Official tournament match,169,0.29116589660411746
2023-03-28,Morocco,Peru,0.0,0.0,Friendly,Madrid,Spain,True,2022,Morocco,1867.0,16.0,Peru,1851.0,17.0,Friendly,True,2023,1859.0,16.0,17.0,0.0,Elite professional friendly,170,0.23337638666640093
2022-11-29,Iran,United States,0.0,1.0,FIFA World Cup,Doha,Qatar,True,2021,Iran,1836.0,20.0,United States,1860.0,14.0,FIFA World Cup,True,2022,1848.0,24.0,20.0,1.0,Official tournament match,170,0.23337638666640093
2023-09-09,Mexico,Australia,2.0,2.0,Friendly,Arlington,United States,True,2022,Mexico,1813.0,24.0,Australia,1772.0,29.0,Friendly,True,2023,1792.5,41.0,29.0,4.0,Elite professional friendly,171,0.22747884492351947
2021-06-24,Chile,Paraguay,0.0,2.0,Copa América,Brasília,Brazil,True,2020,Chile,1813.0,21.0,Paraguay,1769.0,28.0,Copa America,True,2021,1791.0,44.0,28.0,2.0,Official tournament match,171,0.22747884492351947
2023-10-17,Mexico,Germany,2.0,2.0,Friendly,Philadelphia,United States,True,2022,Mexico,1813.0,24.0,Germany,1956.0,9.0,Friendly,True,2023,1884.5,143.0,24.0,4.0,Elite professional friendly,172,0.2274788449235195
2021-06-21,Uruguay,Chile,1.0,1.0,Copa América,Cuiabá,Brazil,True,2020,Uruguay,1953.0,11.0,Chile,1813.0,21.0,Copa America,True,2021,1883.0,140.0,21.0,2.0,Official tournament match,172,0.2274788449235195
2023-12-16,Mexico,Colombia,2.0,3.0,Friendly,Los Angeles,United States,True,2022,Mexico,1813.0,24.0,Colombia,1919.0,12.0,Friendly,True,2023,1866.0,106.0,24.0,5.0,Elite professional friendly,173,0.3720007423188499
2021-07-09,Peru,Colombia,2.0,3.0,Copa América,Brasília,Brazil,True,2020,Peru,1793.0,24.0,Colombia,1896.0,14.0,Copa America,True,2021,1844.5,103.0,24.0,5.0,Official tournament match,173,0.3720007423188499
