year,competition,benchmark_group,roster_profile,team_a,team_b,team_a_goals,team_b_goals,penalty_shootout,regulation_minutes,source_tier,source_url,notes
2010,Corazon Classic Match,corazon_classic,retired_legends,Real Madrid Veterans,AC Milan Glorie,4,3,0,90,secondary,https://es.wikipedia.org/wiki/Coraz%C3%B3n_Classic_Match,Historical event table; retired club legends
2011,Corazon Classic Match,corazon_classic,retired_legends,Real Madrid Veterans,Bayern All Star,8,3,0,90,secondary,https://es.wikipedia.org/wiki/Coraz%C3%B3n_Classic_Match,Historical event table; retired club legends
2012,Corazon Classic Match,corazon_classic,retired_legends,Real Madrid Veterans,Manchester United Veterans,3,2,0,90,secondary,https://es.wikipedia.org/wiki/Coraz%C3%B3n_Classic_Match,Historical event table; retired club legends
2013,Corazon Classic Match,corazon_classic,retired_legends,Real Madrid Legends,Juventus Legends,2,1,0,90,secondary,https://es.wikipedia.org/wiki/Coraz%C3%B3n_Classic_Match,Historical event table; retired club legends
2014,Corazon Classic Match,corazon_classic,retired_legends,Real Madrid Legends,Inter Forever,2,2,0,90,secondary,https://es.wikipedia.org/wiki/Coraz%C3%B3n_Classic_Match,Historical event table; retired club legends
2015,Corazon Classic Match,corazon_classic,retired_legends,Real Madrid Legends,Liverpool Legends,4,2,0,90,secondary,https://es.wikipedia.org/wiki/Coraz%C3%B3n_Classic_Match,Historical event table; retired club legends
2016,Corazon Classic Match,corazon_classic,retired_legends,Real Madrid Legends,Ajax Legends,3,1,0,90,secondary,https://es.wikipedia.org/wiki/Coraz%C3%B3n_Classic_Match,Historical event table; retired club legends
2017,Corazon Classic Match,corazon_classic,retired_legends,Real Madrid Legends,Roma Legends,4,0,0,90,secondary,https://es.wikipedia.org/wiki/Coraz%C3%B3n_Classic_Match,Historical event table; retired club legends
2018,Corazon Classic Match,corazon_classic,retired_legends,Real Madrid Legends,Arsenal Legends,2,1,0,90,secondary,https://es.wikipedia.org/wiki/Coraz%C3%B3n_Classic_Match,Historical event table; retired club legends
2019,Corazon Classic Match,corazon_classic,retired_legends,Real Madrid Legends,Chelsea Legends,5,4,0,90,secondary,https://es.wikipedia.org/wiki/Coraz%C3%B3n_Classic_Match,Historical event table; retired club legends
2024,Corazon Classic Match,corazon_classic,retired_legends,Real Madrid Legends,FC Porto Vintage,0,1,0,90,official,https://www.realmadrid.com/en-US/news/club/foundation/cronica-del-corazon-classic-match-2024-23-03-2024,Official Real Madrid match report
2025,Corazon Classic Match,corazon_classic,retired_legends,Real Madrid Legends,Borussia Dortmund Legends,3,3,0,90,official,https://www.realmadrid.com/en-US/news/club/latest-news/cronica-classic-match-07-06-2025,Official Real Madrid match report
2026,Corazon Classic Match,corazon_classic,retired_legends,Real Madrid Legends,Inter Legends,2,1,0,90,official,https://www.realmadrid.com/en-US/news/club/latest-news/cronica-corazon-classic-match-real-madrid-inter-13-06-2026,Official Real Madrid match report
2024,Match for Hope,match_for_hope,celebrities_and_former_pros,Team Chunkz,Team AboFlah,7,5,0,90,official,https://match4hope.com/2024-edition/,Official Match for Hope event page
2025,Match for Hope,match_for_hope,celebrities_and_former_pros,Team KSI x AboFlah,Team Chunkz x Speed,6,5,0,90,official,https://match4hope.com/2025-edition/,Official Match for Hope event page
2026,Match for Hope,match_for_hope,celebrities_and_former_pros,Team Chunkz,Team AboFlah,8,7,0,90,official,https://qna.org.qa/en/news/news-details?date=30/01/2026&id=global-football-legends-take-part-in-match-for-hope-2026-at-ahmad-bin-ali-stadium-in-support-of-eaa-projects,Reported by Qatar News Agency; charity event result
2016,Sidemen Charity Match,sidemen,creators_and_guests,Sidemen FC,YouTube Allstars,7,2,0,90,secondary,https://sidemen.fandom.com/wiki/Charity_Matches,Event history summary; regulation score
2017,Sidemen Charity Match,sidemen,creators_and_guests,Sidemen FC,YouTube Allstars,0,2,0,90,secondary,https://sidemen.fandom.com/wiki/Charity_Matches,Event history summary; regulation score
2018,Sidemen Charity Match,sidemen,creators_and_guests,Sidemen FC,YouTube Allstars,7,1,0,90,secondary,https://sidemen.fandom.com/wiki/Charity_Matches,Event history summary; regulation score
2022,Sidemen Charity Match,sidemen,creators_and_guests,Sidemen FC,YouTube Allstars,8,7,0,90,secondary,https://sidemen.fandom.com/wiki/Charity_Matches,Event history summary; regulation score
2023,Sidemen Charity Match,sidemen,creators_and_guests,Sidemen FC,YouTube Allstars,8,5,0,90,secondary,https://sidemen.fandom.com/wiki/Charity_Matches,Event history summary; regulation score
2025,Sidemen Charity Match,sidemen,creators_and_guests,Sidemen FC,YouTube Allstars,9,9,1,90,secondary,https://sidemen.fandom.com/wiki/Charity_Matches,Regulation score; YouTube Allstars won shootout
2026,Sidemen Charity Match,sidemen,creators_and_guests,Sidemen FC,YouTube Allstars,10,10,1,90,secondary,https://sidemen.fandom.com/wiki/Charity_Matches,Regulation score; YouTube Allstars won shootout
2005,Football for Hope,benefit_all_star,active_and_retired_stars,Ronaldinho XI,Shevchenko XI,6,3,0,90,official,https://www.uefa.com/news-media/news/01a6-0e6c9b861c93-a973f2fa712-1000--stars-shine-at-tsunami-match/,Official UEFA report; tsunami benefit match
2023,Game4Ukraine,benefit_all_star,active_and_retired_stars,Team Zinchenko,Team Shevchenko,2,2,0,90,official,https://en.uaf.ua/news/48972,Official Ukrainian Association of Football report; charity match
2024,Manchester United Legends v Pompey Legends,benefit_all_star,retired_legends,Manchester United Legends,Pompey Legends,9,5,0,90,official,https://register-of-charities.charitycommission.gov.uk/en/charity-search?_uk_gov_ccew_onereg_charitydetails_web_portlet_CharityDetailsPortlet_objectiveId=A17686564&_uk_gov_ccew_onereg_charitydetails_web_portlet_CharityDetailsPortlet_priv_r_p_mvcRenderCommandName=%2Ffull-print&_uk_gov_ccew_onereg_charitydetails_web_portlet_CharityDetailsPortlet_priv_r_p_mvcRenderCommandName=%2Ffull-print&_uk_gov_ccew_onereg_charitydetails_web_portlet_CharityDetailsPortlet_priv_r_p_mvcRenderCommandName=%2Ffull-print,Charity Commission annual report records final score
