match_number,stage,team,player,source_url
101,semi-final,France,Mike Maignan,https://www.fifatrainingcentre.com/media/native/tournaments/fifa-world-cup/2026/PMSR-M101-FRA-V-ESP.pdf
101,semi-final,France,Lucas Digne,https://www.fifatrainingcentre.com/media/native/tournaments/fifa-world-cup/2026/PMSR-M101-FRA-V-ESP.pdf
101,semi-final,France,Dayot Upamecano,https://www.fifatrainingcentre.com/media/native/tournaments/fifa-world-cup/2026/PMSR-M101-FRA-V-ESP.pdf
101,semi-final,France,Jules Kounde,https://www.fifatrainingcentre.com/media/native/tournaments/fifa-world-cup/2026/PMSR-M101-FRA-V-ESP.pdf
101,semi-final,France,Ousmane Dembele,https://www.fifatrainingcentre.com/media/native/tournaments/fifa-world-cup/2026/PMSR-M101-FRA-V-ESP.pdf
101,semi-final,France,Aurelien Tchouameni,https://www.fifatrainingcentre.com/media/native/tournaments/fifa-world-cup/2026/PMSR-M101-FRA-V-ESP.pdf
101,semi-final,France,Kylian Mbappe,https://www.fifatrainingcentre.com/media/native/tournaments/fifa-world-cup/2026/PMSR-M101-FRA-V-ESP.pdf
101,semi-final,France,Michael Olise,https://www.fifatrainingcentre.com/media/native/tournaments/fifa-world-cup/2026/PMSR-M101-FRA-V-ESP.pdf
101,semi-final,France,Bradley Barcola,https://www.fifatrainingcentre.com/media/native/tournaments/fifa-world-cup/2026/PMSR-M101-FRA-V-ESP.pdf
101,semi-final,France,Adrien Rabiot,https://www.fifatrainingcentre.com/media/native/tournaments/fifa-world-cup/2026/PMSR-M101-FRA-V-ESP.pdf
101,semi-final,France,William Saliba,https://www.fifatrainingcentre.com/media/native/tournaments/fifa-world-cup/2026/PMSR-M101-FRA-V-ESP.pdf
102,semi-final,England,Jordan Pickford,https://www.fifatrainingcentre.com/media/native/tournaments/fifa-world-cup/2026/PMSR-M102-ENG-V-ARG.pdf
102,semi-final,England,Declan Rice,https://www.fifatrainingcentre.com/media/native/tournaments/fifa-world-cup/2026/PMSR-M102-ENG-V-ARG.pdf
102,semi-final,England,John Stones,https://www.fifatrainingcentre.com/media/native/tournaments/fifa-world-cup/2026/PMSR-M102-ENG-V-ARG.pdf
102,semi-final,England,Marc Guehi,https://www.fifatrainingcentre.com/media/native/tournaments/fifa-world-cup/2026/PMSR-M102-ENG-V-ARG.pdf
102,semi-final,England,Elliot Anderson,https://www.fifatrainingcentre.com/media/native/tournaments/fifa-world-cup/2026/PMSR-M102-ENG-V-ARG.pdf
102,semi-final,England,Harry Kane,https://www.fifatrainingcentre.com/media/native/tournaments/fifa-world-cup/2026/PMSR-M102-ENG-V-ARG.pdf
102,semi-final,England,Jude Bellingham,https://www.fifatrainingcentre.com/media/native/tournaments/fifa-world-cup/2026/PMSR-M102-ENG-V-ARG.pdf
102,semi-final,England,Morgan Rogers,https://www.fifatrainingcentre.com/media/native/tournaments/fifa-world-cup/2026/PMSR-M102-ENG-V-ARG.pdf
102,semi-final,England,Anthony Gordon,https://www.fifatrainingcentre.com/media/native/tournaments/fifa-world-cup/2026/PMSR-M102-ENG-V-ARG.pdf
102,semi-final,England,Reece James,https://www.fifatrainingcentre.com/media/native/tournaments/fifa-world-cup/2026/PMSR-M102-ENG-V-ARG.pdf
102,semi-final,England,Djed Spence,https://www.fifatrainingcentre.com/media/native/tournaments/fifa-world-cup/2026/PMSR-M102-ENG-V-ARG.pdf
103,third-place,France,Mike Maignan,https://www.fifatrainingcentre.com/media/native/tournaments/fifa-world-cup/2026/PMSR-M103-FRA-V-ENG.pdf
103,third-place,France,Malo Gusto,https://www.fifatrainingcentre.com/media/native/tournaments/fifa-world-cup/2026/PMSR-M103-FRA-V-ENG.pdf
103,third-place,France,Kylian Mbappe,https://www.fifatrainingcentre.com/media/native/tournaments/fifa-world-cup/2026/PMSR-M103-FRA-V-ENG.pdf
103,third-place,France,Michael Olise,https://www.fifatrainingcentre.com/media/native/tournaments/fifa-world-cup/2026/PMSR-M103-FRA-V-ENG.pdf
103,third-place,France,Adrien Rabiot,https://www.fifatrainingcentre.com/media/native/tournaments/fifa-world-cup/2026/PMSR-M103-FRA-V-ENG.pdf
103,third-place,France,Ibrahima Konate,https://www.fifatrainingcentre.com/media/native/tournaments/fifa-world-cup/2026/PMSR-M103-FRA-V-ENG.pdf
103,third-place,France,Warren Zaire-Emery,https://www.fifatrainingcentre.com/media/native/tournaments/fifa-world-cup/2026/PMSR-M103-FRA-V-ENG.pdf
103,third-place,France,Theo Hernandez,https://www.fifatrainingcentre.com/media/native/tournaments/fifa-world-cup/2026/PMSR-M103-FRA-V-ENG.pdf
103,third-place,France,Desire Doue,https://www.fifatrainingcentre.com/media/native/tournaments/fifa-world-cup/2026/PMSR-M103-FRA-V-ENG.pdf
103,third-place,France,Rayan Cherki,https://www.fifatrainingcentre.com/media/native/tournaments/fifa-world-cup/2026/PMSR-M103-FRA-V-ENG.pdf
103,third-place,France,Maxence Lacroix,https://www.fifatrainingcentre.com/media/native/tournaments/fifa-world-cup/2026/PMSR-M103-FRA-V-ENG.pdf
103,third-place,England,Dean Henderson,https://www.fifatrainingcentre.com/media/native/tournaments/fifa-world-cup/2026/PMSR-M103-FRA-V-ENG.pdf
103,third-place,England,Ezri Konsa,https://www.fifatrainingcentre.com/media/native/tournaments/fifa-world-cup/2026/PMSR-M103-FRA-V-ENG.pdf
103,third-place,England,Declan Rice,https://www.fifatrainingcentre.com/media/native/tournaments/fifa-world-cup/2026/PMSR-M103-FRA-V-ENG.pdf
103,third-place,England,Marc Guehi,https://www.fifatrainingcentre.com/media/native/tournaments/fifa-world-cup/2026/PMSR-M103-FRA-V-ENG.pdf
103,third-place,England,Bukayo Saka,https://www.fifatrainingcentre.com/media/native/tournaments/fifa-world-cup/2026/PMSR-M103-FRA-V-ENG.pdf
103,third-place,England,Marcus Rashford,https://www.fifatrainingcentre.com/media/native/tournaments/fifa-world-cup/2026/PMSR-M103-FRA-V-ENG.pdf
103,third-place,England,Morgan Rogers,https://www.fifatrainingcentre.com/media/native/tournaments/fifa-world-cup/2026/PMSR-M103-FRA-V-ENG.pdf
103,third-place,England,Eberechi Eze,https://www.fifatrainingcentre.com/media/native/tournaments/fifa-world-cup/2026/PMSR-M103-FRA-V-ENG.pdf
103,third-place,England,Ivan Toney,https://www.fifatrainingcentre.com/media/native/tournaments/fifa-world-cup/2026/PMSR-M103-FRA-V-ENG.pdf
103,third-place,England,Djed Spence,https://www.fifatrainingcentre.com/media/native/tournaments/fifa-world-cup/2026/PMSR-M103-FRA-V-ENG.pdf
103,third-place,England,Jarell Quansah,https://www.fifatrainingcentre.com/media/native/tournaments/fifa-world-cup/2026/PMSR-M103-FRA-V-ENG.pdf
